area,rainfall_1h,rainfall_3h,rainfall_6h,rainfall_12h,rainfall_24h,waterlogging,historical_flood,elevation,drainage_efficiency,urban_density,slope,previous_risk,risk_score_24h,risk_label_24h
Velachery,17,97,129,124,146,82,8,57,35,45,19,88,90.4,SEVERE
Velachery,67,98,109,71,227,48,50,32,33,95,27,61,100.0,SEVERE
Velachery,53,64,100,88,78,57,88,9,84,89,11,60,70.56,HIGH
Velachery,66,55,44,215,149,85,67,63,76,51,14,47,95.04,SEVERE
Velachery,53,35,142,166,244,73,36,77,50,59,31,39,100.0,SEVERE
Velachery,73,38,102,72,197,50,33,22,62,80,33,44,100.0,SEVERE
Velachery,71,103,98,186,228,42,89,26,37,80,23,21,100.0,SEVERE
Velachery,74,20,150,183,216,66,47,57,40,86,20,46,100.0,SEVERE
Velachery,12,33,70,69,147,66,65,40,84,73,4,71,91.76,SEVERE
Velachery,55,75,48,145,218,35,60,7,46,66,34,27,100.0,SEVERE
Velachery,89,105,40,89,224,14,85,26,88,57,16,62,100.0,SEVERE
Velachery,50,98,179,162,141,44,41,66,44,50,13,11,74.87,HIGH
Velachery,71,92,136,128,203,23,90,42,90,49,18,65,100.0,SEVERE
Velachery,23,58,69,101,196,63,60,32,91,45,13,19,89.22,SEVERE
Velachery,39,110,106,168,151,32,76,77,39,86,10,67,85.09,SEVERE
Velachery,68,47,46,66,149,86,12,39,72,52,25,34,84.76,SEVERE
Velachery,53,37,102,195,63,74,49,58,69,65,12,60,75.27,SEVERE
Velachery,17,84,126,64,211,45,78,8,33,69,8,36,100.0,SEVERE
Velachery,64,30,60,149,218,24,29,74,94,74,16,37,96.7,SEVERE
Velachery,33,22,56,212,143,50,46,63,24,44,11,48,100.0,SEVERE
Velachery,45,113,58,147,168,50,80,25,91,59,19,51,87.92,SEVERE
Velachery,32,22,87,190,61,86,54,15,42,73,12,18,64.79,HIGH
Velachery,19,48,70,162,206,71,93,62,44,46,22,83,100.0,SEVERE
Velachery,28,23,55,144,169,41,30,67,54,88,33,35,94.61,SEVERE
Velachery,60,49,125,137,241,31,99,75,33,49,19,13,100.0,SEVERE
Velachery,87,119,56,201,78,73,84,71,36,93,5,51,90.21,SEVERE
Velachery,11,97,83,162,142,41,88,12,75,84,14,30,77.66,SEVERE
Velachery,85,44,39,70,73,80,89,16,76,50,14,57,64.4,HIGH
Velachery,32,51,179,182,124,92,49,42,52,48,32,11,94.88,SEVERE
Velachery,32,33,37,165,253,20,29,42,89,81,27,56,98.85,SEVERE
Velachery,79,100,38,171,76,72,82,14,52,47,20,84,73.05,HIGH
Velachery,87,50,54,133,161,66,31,76,59,57,33,83,88.69,SEVERE
Velachery,57,75,56,157,228,19,72,15,76,65,2,87,100.0,SEVERE
Velachery,24,113,142,186,146,49,63,63,83,41,23,18,72.27,HIGH
Velachery,30,99,102,89,126,55,76,50,89,92,26,58,77.9,SEVERE
Velachery,19,57,169,122,82,65,96,70,40,67,19,29,66.42,HIGH
Velachery,89,94,156,188,251,18,88,9,55,75,13,21,100.0,SEVERE
Velachery,35,51,168,74,243,88,59,17,31,57,21,22,100.0,SEVERE
Velachery,53,22,137,59,98,24,83,9,52,75,19,64,75.68,SEVERE
Velachery,76,51,177,135,207,84,79,68,60,42,18,24,100.0,SEVERE
Velachery,28,44,128,147,249,45,28,8,20,62,32,51,100.0,SEVERE
Velachery,17,103,50,58,140,88,68,12,82,90,28,82,87.92,SEVERE
Velachery,35,100,119,182,185,64,61,63,75,48,29,52,99.18,SEVERE
Velachery,87,105,155,128,216,42,68,52,38,55,4,21,95.19,SEVERE
Velachery,23,61,122,89,127,41,50,32,75,59,16,40,65.36,HIGH
Velachery,28,49,149,211,194,87,85,41,77,59,17,52,100.0,SEVERE
Velachery,49,85,64,186,170,55,76,52,25,57,7,68,95.33,SEVERE
Velachery,57,89,107,196,243,21,95,51,67,45,22,68,100.0,SEVERE
Velachery,51,113,139,73,251,91,16,65,50,75,16,72,100.0,SEVERE
Velachery,84,114,48,93,204,60,5,12,59,76,7,23,100.0,SEVERE
Velachery,10,77,104,129,195,54,72,62,89,87,19,49,85.31,SEVERE
Velachery,21,113,157,70,217,19,72,11,56,79,26,43,100.0,SEVERE
Velachery,26,87,140,106,207,86,81,62,67,56,28,39,100.0,SEVERE
Velachery,35,35,174,75,77,89,55,37,75,62,6,68,65.77,HIGH
Velachery,85,113,87,182,182,50,13,33,68,99,2,67,100.0,SEVERE
Velachery,43,31,74,194,235,64,12,14,55,75,3,64,100.0,SEVERE
Velachery,17,65,139,190,146,35,96,39,43,66,2,34,96.21,SEVERE
Velachery,69,98,114,68,138,94,4,70,71,57,27,76,87.92,SEVERE
Velachery,63,119,38,163,87,65,62,11,71,93,30,12,64.46,HIGH
Velachery,46,34,158,182,221,26,1,73,41,79,32,12,93.64,SEVERE
Velachery,22,25,153,153,256,78,96,22,41,90,10,14,100.0,SEVERE
Velachery,87,112,52,181,229,69,81,67,53,42,17,26,100.0,SEVERE
Velachery,53,83,47,194,149,23,81,60,23,51,2,31,94.99,SEVERE
Velachery,51,118,143,153,161,14,7,51,20,42,9,80,66.35,HIGH
Velachery,42,37,88,65,214,25,37,78,64,67,19,72,97.31,SEVERE
Velachery,79,77,99,74,109,90,54,27,51,74,19,65,84.05,SEVERE
Velachery,45,114,57,75,152,53,69,35,88,68,6,19,85.44,SEVERE
Velachery,85,47,48,101,182,46,78,50,50,78,34,42,95.45,SEVERE
Velachery,77,41,172,150,180,36,92,7,42,65,17,47,100.0,SEVERE
Velachery,17,77,85,146,177,69,54,53,64,79,22,35,95.95,SEVERE
Velachery,37,74,63,123,165,63,52,32,92,70,28,68,92.03,SEVERE
Velachery,20,112,158,135,206,54,26,64,38,58,19,76,100.0,SEVERE
Velachery,79,104,154,59,75,33,56,30,56,50,26,35,43.61,MODERATE
Velachery,82,21,98,190,201,82,41,32,73,49,9,58,93.94,SEVERE
Velachery,50,56,107,212,75,94,44,62,51,58,27,65,59.57,HIGH
Velachery,70,58,169,158,126,10,67,20,76,71,17,23,64.09,HIGH
Velachery,43,103,168,218,251,57,20,67,80,99,23,21,100.0,SEVERE
Velachery,77,59,82,63,227,74,4,37,55,68,32,22,99.19,SEVERE
Velachery,29,110,171,57,186,29,19,26,34,69,34,56,73.81,HIGH
Velachery,11,28,73,91,228,81,85,52,61,78,15,63,100.0,SEVERE
Velachery,59,25,140,112,208,55,88,30,89,90,12,48,100.0,SEVERE
Velachery,65,105,88,135,146,87,30,49,29,91,14,37,88.31,SEVERE
Velachery,11,59,179,205,185,63,39,18,20,60,12,25,100.0,SEVERE
Velachery,58,112,135,126,144,36,14,49,62,40,15,32,63.7,HIGH
Velachery,52,83,138,216,220,62,87,40,93,85,23,82,97.64,SEVERE
Velachery,32,116,125,182,152,83,7,13,58,83,28,45,82.14,SEVERE
Velachery,86,85,95,214,81,93,15,26,81,84,34,69,64.05,HIGH
Velachery,10,32,78,56,161,76,96,41,85,99,30,47,87.96,SEVERE
Velachery,29,61,45,184,189,17,22,46,60,88,10,83,97.12,SEVERE
Velachery,29,23,42,113,250,14,36,13,89,80,27,67,100.0,SEVERE
Velachery,10,106,142,175,138,78,38,8,88,54,5,59,79.97,SEVERE
Velachery,45,20,172,137,112,67,53,7,76,64,25,81,90.48,SEVERE
Velachery,30,43,95,194,164,39,77,69,87,57,25,57,85.18,SEVERE
Velachery,19,47,114,200,233,25,67,11,70,60,16,67,100.0,SEVERE
Velachery,52,119,127,100,215,44,53,15,28,74,8,89,100.0,SEVERE
Velachery,68,79,43,116,159,87,21,42,45,48,5,39,83.75,SEVERE
Velachery,38,40,115,53,120,48,96,52,86,60,16,43,65.58,HIGH
Velachery,86,95,107,141,256,34,34,72,48,54,20,36,100.0,SEVERE
Velachery,34,72,177,176,103,60,61,54,21,57,30,29,85.39,SEVERE
Velachery,24,35,85,198,60,34,6,47,38,87,21,72,59.43,HIGH
Velachery,78,67,172,219,177,67,25,66,70,94,10,73,92.17,SEVERE
Velachery,23,76,81,67,145,65,31,76,78,70,32,44,87.66,SEVERE
Velachery,85,115,142,67,118,13,5,23,62,43,34,46,56.31,HIGH
Velachery,73,51,41,58,230,19,63,33,78,43,31,65,96.86,SEVERE
Velachery,88,50,106,117,106,45,15,5,41,46,15,79,70.16,HIGH
Velachery,18,70,74,133,65,38,41,37,61,86,17,77,58.03,HIGH
Velachery,28,52,121,91,242,50,86,56,45,53,26,36,100.0,SEVERE
Velachery,48,24,106,128,232,70,19,16,65,42,12,21,100.0,SEVERE
Velachery,17,20,170,82,223,12,15,13,72,77,17,29,100.0,SEVERE
Velachery,28,79,134,194,158,10,28,69,59,77,17,23,71.09,HIGH
Velachery,89,105,77,93,109,88,55,39,92,76,32,88,90.23,SEVERE
Velachery,68,101,56,104,169,77,11,50,42,52,19,43,98.22,SEVERE
Velachery,75,27,159,55,207,39,38,6,72,49,23,68,100.0,SEVERE
Velachery,34,93,154,103,84,85,14,49,37,47,27,21,57.17,HIGH
Velachery,14,37,150,136,84,94,26,5,89,40,20,89,75.67,SEVERE
Velachery,41,32,118,202,78,84,41,45,32,77,8,31,67.21,HIGH
Velachery,45,79,54,100,128,66,97,67,34,41,3,57,100.0,SEVERE
Velachery,77,107,156,93,183,61,18,46,59,63,26,64,100.0,SEVERE
Velachery,71,76,73,178,203,93,14,36,89,70,33,10,94.18,SEVERE
Velachery,38,72,97,119,247,17,77,71,69,63,7,64,100.0,SEVERE
Velachery,38,116,73,80,196,26,91,69,93,94,10,26,80.45,SEVERE
Velachery,80,93,128,199,189,42,41,43,26,84,23,68,100.0,SEVERE
Velachery,85,76,99,67,215,86,69,69,84,87,18,17,100.0,SEVERE
Velachery,44,94,101,53,102,93,98,33,80,83,32,81,90.95,SEVERE
Velachery,60,51,85,153,174,59,38,35,20,76,21,84,100.0,SEVERE
Velachery,15,39,84,114,132,43,76,14,44,49,12,64,71.88,HIGH
Velachery,11,115,140,91,99,18,47,61,63,92,13,32,68.69,HIGH
Velachery,88,38,104,138,71,49,45,24,29,42,2,48,69.75,HIGH
Velachery,29,85,132,134,236,19,23,23,30,57,12,71,100.0,SEVERE
Velachery,71,110,50,217,182,93,35,76,64,44,15,21,100.0,SEVERE
Velachery,27,75,96,66,223,81,74,51,50,72,19,23,100.0,SEVERE
Velachery,46,36,50,194,134,59,52,60,75,57,29,39,81.84,SEVERE
Velachery,18,96,39,181,68,27,60,75,50,47,9,81,48.14,MODERATE
Velachery,40,46,60,193,183,25,65,36,24,66,8,29,100.0,SEVERE
Velachery,20,105,118,198,209,38,53,44,73,54,12,29,96.0,SEVERE
Velachery,12,114,45,200,60,76,32,43,41,69,16,52,66.87,HIGH
Velachery,76,63,87,72,131,20,18,76,26,68,29,86,77.38,SEVERE
Velachery,39,75,174,85,92,31,87,7,48,47,7,83,82.11,SEVERE
Velachery,83,80,45,129,254,44,52,44,69,51,29,89,100.0,SEVERE
Velachery,75,94,88,129,227,22,82,74,71,60,20,14,100.0,SEVERE
Velachery,14,99,130,155,70,73,63,64,82,52,8,83,57.54,HIGH
Velachery,32,83,144,50,170,94,28,26,85,43,15,46,93.38,SEVERE
Velachery,44,35,149,157,159,43,15,74,68,59,15,68,88.7,SEVERE
Velachery,34,85,130,151,74,50,61,76,59,60,20,24,66.18,HIGH
Velachery,88,104,119,56,257,48,28,71,75,84,11,89,100.0,SEVERE
Velachery,70,85,59,101,132,90,71,32,75,84,15,42,94.94,SEVERE
Velachery,21,91,120,136,205,87,33,36,34,78,15,37,100.0,SEVERE
Velachery,47,64,72,71,225,17,32,55,29,79,26,63,100.0,SEVERE
Velachery,80,52,151,83,92,76,93,69,76,54,32,63,77.92,SEVERE
Velachery,79,47,146,73,116,34,28,55,88,94,26,26,68.17,HIGH
Velachery,53,90,146,211,176,61,74,24,43,77,4,35,100.0,SEVERE
Velachery,51,59,98,166,168,11,53,35,72,92,33,58,80.48,SEVERE
Velachery,24,113,157,195,125,37,85,45,72,69,16,60,74.82,HIGH
Velachery,74,44,93,205,250,88,31,68,90,98,2,69,100.0,SEVERE
Velachery,28,96,50,131,185,48,69,23,65,78,22,33,100.0,SEVERE
Velachery,46,78,87,119,117,28,65,66,41,91,20,23,75.14,SEVERE
Velachery,13,53,100,185,86,81,23,15,72,86,21,19,64.31,HIGH
Velachery,46,119,76,82,249,23,2,36,50,77,30,84,100.0,SEVERE
Velachery,60,26,171,73,177,77,24,25,55,93,9,63,90.02,SEVERE
Velachery,66,103,118,79,91,45,50,46,38,70,11,64,72.84,HIGH
Velachery,10,119,38,219,66,53,10,12,71,83,5,88,67.06,HIGH
Velachery,33,66,60,122,101,14,36,55,77,61,12,72,47.71,MODERATE
Velachery,82,102,170,120,138,37,23,61,73,88,7,49,72.02,HIGH
Velachery,31,34,117,199,243,18,32,16,43,72,11,15,100.0,SEVERE
Velachery,28,20,47,124,230,75,9,7,45,79,26,75,100.0,SEVERE
Velachery,12,34,44,196,113,79,55,45,54,89,3,17,80.9,SEVERE
Velachery,53,93,120,93,125,73,20,42,60,85,25,47,60.68,HIGH
Velachery,42,41,125,85,189,73,96,13,76,45,13,24,100.0,SEVERE
Velachery,13,102,43,117,199,94,85,15,94,79,7,45,100.0,SEVERE
Velachery,24,107,173,215,251,84,45,19,66,53,17,62,100.0,SEVERE
Velachery,30,93,35,146,209,56,38,67,47,82,17,12,100.0,SEVERE
Velachery,84,80,88,132,183,32,28,36,39,85,5,76,90.44,SEVERE
Velachery,22,58,144,96,86,54,16,28,53,73,23,64,69.04,HIGH
Velachery,38,20,36,86,179,86,77,53,78,50,29,81,100.0,SEVERE
Velachery,76,67,156,209,154,15,34,21,55,75,17,25,70.11,HIGH
Velachery,12,41,164,66,142,27,10,36,59,50,4,20,63.42,HIGH
Velachery,24,52,84,111,108,14,52,31,45,55,32,58,63.85,HIGH
Velachery,74,108,39,208,199,18,75,13,23,46,17,59,96.24,SEVERE
Velachery,25,105,174,178,80,79,69,44,30,99,16,13,82.47,SEVERE
Velachery,14,52,102,211,77,59,91,65,89,50,28,88,58.97,HIGH
Velachery,52,69,77,215,251,42,80,34,79,75,17,20,100.0,SEVERE
Velachery,27,39,177,67,219,83,3,49,63,61,24,42,100.0,SEVERE
Velachery,74,83,89,207,220,89,73,34,77,59,10,46,100.0,SEVERE
Velachery,40,66,77,161,130,57,36,29,92,60,4,40,87.38,SEVERE
Velachery,34,36,107,172,253,43,86,21,78,73,27,70,100.0,SEVERE
Velachery,52,102,175,207,96,60,10,55,94,43,23,85,56.06,HIGH
Velachery,18,112,168,148,255,10,61,7,90,80,32,55,100.0,SEVERE
Velachery,36,94,56,194,107,52,20,39,53,40,20,72,57.99,HIGH
Velachery,80,107,178,113,230,58,5,25,70,49,16,71,88.11,SEVERE
Velachery,27,73,69,214,75,91,79,69,83,51,32,57,71.43,HIGH
Velachery,56,57,52,67,137,78,50,41,38,73,23,88,87.53,SEVERE
Velachery,82,62,170,112,85,45,12,13,86,87,9,77,61.95,HIGH
Velachery,66,50,140,198,73,12,94,44,57,67,16,65,57.0,HIGH
Velachery,60,86,51,114,218,62,13,8,63,67,33,51,92.21,SEVERE
Velachery,45,33,118,82,158,39,18,12,58,96,8,42,87.6,SEVERE
Velachery,43,117,70,63,176,65,99,70,86,78,13,44,100.0,SEVERE
Velachery,39,23,64,140,133,94,47,76,69,42,8,66,94.23,SEVERE
Velachery,51,110,91,57,122,89,76,67,88,47,11,14,96.3,SEVERE
Velachery,84,35,139,140,73,87,87,47,73,63,28,45,80.81,SEVERE
Velachery,23,116,76,102,218,26,51,26,34,97,8,17,100.0,SEVERE
Pallikaranai,20,90,113,191,85,92,61,68,47,96,22,20,80.74,SEVERE
Pallikaranai,34,74,91,142,253,86,21,77,52,82,27,48,100.0,SEVERE
Pallikaranai,79,58,75,111,98,43,11,11,74,44,20,72,52.87,MODERATE
Pallikaranai,25,113,156,154,77,12,31,16,84,52,11,88,55.38,HIGH
Pallikaranai,40,71,131,209,234,93,4,22,62,42,13,22,100.0,SEVERE
Pallikaranai,21,39,56,146,132,87,26,45,69,77,28,26,78.35,SEVERE
Pallikaranai,79,81,129,196,184,90,12,31,28,45,17,28,100.0,SEVERE
Pallikaranai,59,114,158,114,125,75,12,45,51,50,22,35,77.31,SEVERE
Pallikaranai,23,87,58,123,221,29,76,59,87,50,25,84,98.09,SEVERE
Pallikaranai,75,30,120,134,166,54,3,43,90,66,11,89,72.42,HIGH
Pallikaranai,51,67,168,121,254,15,73,49,38,53,25,61,100.0,SEVERE
Pallikaranai,57,118,37,129,158,86,28,40,73,43,28,75,90.08,SEVERE
Pallikaranai,69,98,165,122,151,64,19,69,77,77,11,37,83.3,SEVERE
Pallikaranai,72,87,169,213,200,41,59,36,67,88,14,50,92.75,SEVERE
Pallikaranai,49,65,112,86,179,73,34,14,49,51,14,60,82.38,SEVERE
Pallikaranai,27,109,141,96,172,19,9,76,80,49,11,25,75.1,SEVERE
Pallikaranai,36,72,62,200,205,74,16,58,82,50,26,38,85.66,SEVERE
Pallikaranai,74,34,91,96,109,36,38,14,73,73,29,66,65.91,HIGH
Pallikaranai,43,68,69,182,176,73,10,66,35,66,16,75,92.7,SEVERE
Pallikaranai,37,56,61,79,106,49,34,34,73,54,32,70,83.84,SEVERE
Pallikaranai,24,47,87,72,62,47,70,27,84,62,31,28,57.32,HIGH
Pallikaranai,14,113,87,134,185,64,2,70,66,99,17,59,91.51,SEVERE
Pallikaranai,76,110,108,184,131,49,76,11,73,40,21,48,86.62,SEVERE
Pallikaranai,49,60,100,146,212,56,64,67,94,46,25,28,100.0,SEVERE
Pallikaranai,15,104,146,219,193,84,11,71,32,58,6,42,100.0,SEVERE
Pallikaranai,75,80,126,209,146,39,99,46,66,57,9,23,75.2,SEVERE
Pallikaranai,69,25,126,211,213,44,5,67,20,80,24,25,100.0,SEVERE
Pallikaranai,28,101,176,95,244,87,76,15,42,80,34,75,100.0,SEVERE
Pallikaranai,86,47,84,213,172,32,0,37,93,65,25,30,71.86,HIGH
Pallikaranai,58,97,118,114,207,80,84,20,70,40,20,55,97.25,SEVERE
Pallikaranai,80,23,65,85,239,54,72,65,77,45,6,41,100.0,SEVERE
Pallikaranai,22,57,69,82,94,26,56,35,52,68,26,78,66.73,HIGH
Pallikaranai,69,89,54,217,92,45,65,35,38,95,4,29,65.66,HIGH
Pallikaranai,16,95,175,66,142,49,13,20,33,51,15,47,84.88,SEVERE
Pallikaranai,25,99,65,204,167,78,63,24,65,56,5,30,98.79,SEVERE
Pallikaranai,11,114,109,118,245,29,40,68,67,63,10,12,100.0,SEVERE
Pallikaranai,72,83,97,183,92,27,39,73,66,91,10,77,75.68,SEVERE
Pallikaranai,51,25,159,197,168,35,9,51,60,85,21,20,82.48,SEVERE
Pallikaranai,22,113,50,173,255,47,5,70,34,71,34,69,100.0,SEVERE
Pallikaranai,22,94,125,98,144,20,98,22,43,70,24,50,99.64,SEVERE
Pallikaranai,78,59,155,183,252,87,79,23,78,84,11,64,100.0,SEVERE
Pallikaranai,73,38,83,185,150,91,0,59,81,95,7,88,79.2,SEVERE
Pallikaranai,38,83,130,130,74,93,22,12,64,64,22,80,71.52,HIGH
Pallikaranai,51,98,122,115,182,93,48,71,78,58,10,71,90.02,SEVERE
Pallikaranai,28,80,77,161,246,80,94,6,54,53,32,66,100.0,SEVERE
Pallikaranai,58,69,103,59,150,39,81,69,76,41,29,41,90.0,SEVERE
Pallikaranai,79,25,87,177,167,31,52,69,36,84,26,80,84.51,SEVERE
Pallikaranai,53,73,94,182,219,30,79,22,50,41,13,86,100.0,SEVERE
Pallikaranai,18,83,88,176,245,55,10,40,29,66,4,61,100.0,SEVERE
Pallikaranai,11,108,156,187,71,39,97,48,29,48,10,87,74.61,HIGH
Pallikaranai,64,112,154,106,225,24,29,20,29,45,8,19,97.52,SEVERE
Pallikaranai,14,118,47,62,66,21,52,67,75,74,4,71,53.04,MODERATE
Pallikaranai,42,108,79,158,147,54,93,58,51,66,25,37,82.77,SEVERE
Pallikaranai,15,36,96,185,216,32,42,16,76,54,28,77,91.15,SEVERE
Pallikaranai,86,88,128,195,236,16,88,62,35,58,26,27,100.0,SEVERE
Pallikaranai,62,110,51,100,256,58,24,26,45,73,11,59,100.0,SEVERE
Pallikaranai,22,82,169,72,125,68,61,55,61,80,22,15,73.52,HIGH
Pallikaranai,14,60,98,64,259,28,33,38,82,84,27,28,100.0,SEVERE
Pallikaranai,47,74,40,179,252,50,54,42,26,77,25,84,100.0,SEVERE
Pallikaranai,86,72,128,152,259,72,12,10,50,70,24,48,100.0,SEVERE
Pallikaranai,36,69,115,129,253,91,51,38,64,50,16,27,100.0,SEVERE
Pallikaranai,56,20,128,123,133,75,53,60,73,41,9,55,81.64,SEVERE
Pallikaranai,18,114,175,78,140,63,19,29,49,78,12,42,83.98,SEVERE
Pallikaranai,22,43,71,203,248,52,15,61,56,90,13,89,100.0,SEVERE
Pallikaranai,68,48,85,92,196,32,63,48,76,99,2,89,100.0,SEVERE
Pallikaranai,37,83,139,196,140,89,32,20,48,71,24,76,99.13,SEVERE
Pallikaranai,85,63,70,217,149,93,91,72,63,87,33,31,92.2,SEVERE
Pallikaranai,60,74,46,145,94,52,57,52,50,64,24,69,65.45,HIGH
Pallikaranai,43,53,111,71,146,26,53,68,93,66,3,28,72.9,HIGH
Pallikaranai,88,75,60,53,255,36,11,18,39,79,31,32,100.0,SEVERE
Pallikaranai,10,25,168,148,221,11,2,68,27,49,19,58,100.0,SEVERE
Pallikaranai,63,64,90,62,150,78,62,71,29,40,20,24,99.79,SEVERE
Pallikaranai,36,74,133,75,239,27,80,54,30,83,8,57,100.0,SEVERE
Pallikaranai,79,69,116,101,244,50,77,31,75,53,26,13,100.0,SEVERE
Pallikaranai,48,91,87,53,125,47,54,53,38,76,22,72,71.57,HIGH
Pallikaranai,27,91,41,67,232,50,62,50,72,54,7,13,100.0,SEVERE
Pallikaranai,56,65,58,120,76,25,13,66,62,95,16,26,54.58,MODERATE
Pallikaranai,52,21,79,207,163,90,50,5,85,85,25,87,100.0,SEVERE
Pallikaranai,28,117,62,143,217,16,6,68,24,76,32,59,93.51,SEVERE
Pallikaranai,61,77,107,76,192,72,70,10,72,83,8,77,100.0,SEVERE
Pallikaranai,67,70,113,103,245,92,13,59,21,62,34,23,100.0,SEVERE
Pallikaranai,68,66,121,210,164,72,9,21,91,91,23,40,76.06,SEVERE
Pallikaranai,72,44,120,155,155,88,12,24,27,81,23,88,96.66,SEVERE
Pallikaranai,46,28,132,164,231,38,31,10,51,68,26,70,100.0,SEVERE
Pallikaranai,50,53,38,193,206,54,31,68,22,66,28,86,100.0,SEVERE
Pallikaranai,25,31,86,200,197,51,28,15,40,49,8,65,100.0,SEVERE
Pallikaranai,53,48,100,73,101,47,69,36,60,71,10,32,73.72,HIGH
Pallikaranai,64,81,79,113,125,65,75,13,50,40,16,29,89.19,SEVERE
Pallikaranai,35,59,145,187,61,42,84,44,35,75,6,11,65.67,HIGH
Pallikaranai,70,54,158,121,207,18,9,63,82,96,12,11,93.02,SEVERE
Pallikaranai,29,96,166,98,213,76,50,52,40,95,34,88,100.0,SEVERE
Pallikaranai,39,64,174,142,167,22,79,30,26,99,8,11,87.69,SEVERE
Pallikaranai,18,104,109,105,60,50,15,78,41,68,2,20,52.29,MODERATE
Pallikaranai,73,70,41,65,169,46,0,74,74,70,34,87,83.12,SEVERE
Pallikaranai,80,70,140,196,92,48,12,25,51,91,30,41,59.94,HIGH
Pallikaranai,82,117,67,81,201,35,19,7,50,63,20,26,90.98,SEVERE
Pallikaranai,46,38,108,164,134,32,50,31,50,60,12,67,74.29,HIGH
Pallikaranai,62,56,49,194,71,58,26,21,23,94,16,37,72.73,HIGH
Pallikaranai,55,69,115,71,250,30,67,61,45,47,11,74,100.0,SEVERE
Pallikaranai,28,80,56,170,143,70,68,79,56,60,19,23,91.38,SEVERE
Pallikaranai,76,73,148,80,149,62,34,6,25,95,21,31,90.92,SEVERE
Pallikaranai,85,30,145,90,127,33,82,7,46,56,11,25,81.8,SEVERE
Pallikaranai,43,58,177,107,128,37,32,11,65,41,9,26,71.27,HIGH
Pallikaranai,57,119,85,207,68,52,79,44,89,58,3,71,64.04,HIGH
Pallikaranai,68,104,104,202,93,46,12,62,73,88,27,34,51.46,MODERATE
Pallikaranai,49,29,169,219,149,75,3,11,40,79,6,12,83.6,SEVERE
Pallikaranai,69,99,151,152,163,82,34,12,76,56,34,43,95.69,SEVERE
Pallikaranai,62,64,102,95,254,43,85,36,23,92,8,31,100.0,SEVERE
Pallikaranai,83,62,144,105,208,52,5,36,55,55,14,50,99.13,SEVERE
Pallikaranai,71,55,123,146,170,45,48,66,92,55,24,87,84.24,SEVERE
Pallikaranai,49,116,118,192,93,22,92,44,61,50,9,75,80.33,SEVERE
Pallikaranai,35,46,59,208,248,19,35,47,48,83,10,14,100.0,SEVERE
Pallikaranai,24,101,36,61,161,53,29,24,25,79,14,19,83.2,SEVERE
Pallikaranai,30,109,72,81,112,37,12,49,45,83,18,45,63.49,HIGH
Pallikaranai,67,30,139,219,212,48,31,70,39,68,27,83,100.0,SEVERE
Pallikaranai,81,31,119,208,190,90,34,28,44,61,24,46,100.0,SEVERE
Pallikaranai,34,39,114,202,231,31,47,57,65,44,21,13,98.47,SEVERE
Pallikaranai,18,53,120,161,149,17,79,76,86,84,15,80,81.49,SEVERE
Pallikaranai,78,52,171,112,233,55,46,27,82,43,17,39,100.0,SEVERE
Pallikaranai,63,58,62,83,199,32,30,52,44,63,10,37,91.28,SEVERE
Pallikaranai,89,97,37,114,117,59,26,77,42,71,6,82,81.72,SEVERE
Pallikaranai,38,25,138,122,258,69,53,79,80,67,2,17,100.0,SEVERE
Pallikaranai,12,32,137,177,65,53,8,59,82,92,21,60,44.81,MODERATE
Pallikaranai,45,95,120,193,164,83,4,7,27,73,25,27,100.0,SEVERE
Pallikaranai,70,84,105,121,64,25,89,30,72,82,12,26,50.13,MODERATE
Pallikaranai,49,108,138,179,76,26,27,26,34,98,7,66,51.05,MODERATE
Pallikaranai,27,50,122,100,198,13,7,59,66,42,31,10,88.23,SEVERE
Pallikaranai,89,114,80,178,102,50,24,41,85,66,5,35,64.16,HIGH
Pallikaranai,54,63,77,151,186,86,61,79,81,44,14,40,98.98,SEVERE
Pallikaranai,70,55,56,98,114,24,10,62,81,69,22,83,63.97,HIGH
Pallikaranai,86,26,38,118,209,16,29,24,49,99,12,26,100.0,SEVERE
Pallikaranai,20,77,95,134,226,59,15,33,43,89,12,21,100.0,SEVERE
Pallikaranai,17,88,65,197,226,41,55,47,69,44,12,23,100.0,SEVERE
Pallikaranai,51,92,172,98,61,71,0,9,94,91,25,76,49.34,MODERATE
Pallikaranai,34,22,163,59,168,82,73,22,55,72,27,44,100.0,SEVERE
Pallikaranai,80,68,39,135,237,94,40,16,62,89,33,14,100.0,SEVERE
Pallikaranai,17,108,51,163,243,68,76,24,82,65,4,39,100.0,SEVERE
Pallikaranai,31,66,97,105,199,35,76,23,84,61,3,21,80.24,SEVERE
Pallikaranai,26,80,118,72,150,68,96,68,27,54,16,22,99.49,SEVERE
Pallikaranai,19,24,77,179,95,93,26,8,45,84,5,15,88.48,SEVERE
Pallikaranai,37,95,157,111,172,10,30,49,34,99,34,30,80.15,SEVERE
Pallikaranai,50,32,91,144,182,60,22,64,71,85,17,81,85.74,SEVERE
Pallikaranai,26,44,111,144,209,35,87,29,60,95,19,64,100.0,SEVERE
Pallikaranai,49,61,63,141,243,51,34,13,49,54,34,52,100.0,SEVERE
Pallikaranai,78,113,145,71,79,26,75,62,82,45,7,82,40.21,MODERATE
Pallikaranai,18,26,43,167,229,63,26,61,24,89,31,67,100.0,SEVERE
Pallikaranai,47,52,168,168,98,91,5,49,34,79,15,44,74.86,HIGH
Pallikaranai,40,119,107,77,61,27,69,45,45,68,29,55,55.4,HIGH
Pallikaranai,48,60,158,149,211,59,34,54,66,83,8,61,100.0,SEVERE
Pallikaranai,73,82,172,141,65,61,77,12,27,56,29,52,53.16,MODERATE
Pallikaranai,54,87,82,65,139,60,18,21,21,84,31,76,100.0,SEVERE
Pallikaranai,86,79,77,107,205,47,83,69,22,83,14,51,100.0,SEVERE
Pallikaranai,36,25,148,74,135,26,16,33,88,96,14,50,83.18,SEVERE
Pallikaranai,85,30,67,107,67,79,85,33,82,86,28,74,64.86,HIGH
Pallikaranai,24,60,62,58,253,88,93,71,68,71,34,54,100.0,SEVERE
Pallikaranai,69,101,133,134,99,12,62,56,77,97,18,76,60.92,HIGH
Pallikaranai,77,25,121,209,191,89,5,44,78,78,31,47,92.7,SEVERE
Pallikaranai,79,31,71,66,200,29,31,67,47,48,2,28,86.98,SEVERE
Pallikaranai,89,41,85,77,139,57,80,32,77,77,11,82,87.65,SEVERE
Pallikaranai,87,111,42,203,249,80,25,52,60,77,22,61,100.0,SEVERE
Pallikaranai,52,21,40,212,241,59,17,63,30,62,12,10,100.0,SEVERE
Pallikaranai,35,70,35,124,163,38,83,23,30,71,31,40,100.0,SEVERE
Pallikaranai,45,37,124,104,247,34,55,45,38,69,5,61,100.0,SEVERE
Pallikaranai,36,48,114,167,258,12,23,24,39,67,30,12,100.0,SEVERE
Pallikaranai,59,87,51,176,109,53,67,50,44,63,17,13,89.75,SEVERE
Pallikaranai,46,85,46,219,135,11,65,46,68,85,17,76,82.38,SEVERE
Pallikaranai,22,81,72,168,220,83,92,14,30,95,14,12,100.0,SEVERE
Pallikaranai,38,27,139,83,130,10,60,38,85,60,8,23,75.95,SEVERE
Pallikaranai,16,60,158,180,187,85,78,53,84,47,29,33,96.72,SEVERE
Pallikaranai,49,28,88,119,247,90,56,76,52,64,29,63,100.0,SEVERE
Pallikaranai,66,95,106,55,80,22,46,51,80,53,27,63,39.99,MODERATE
Pallikaranai,34,108,168,189,165,51,31,62,26,56,6,49,98.76,SEVERE
Pallikaranai,40,106,115,189,242,86,35,70,88,97,13,28,100.0,SEVERE
Pallikaranai,82,77,56,121,202,57,34,30,24,57,24,29,100.0,SEVERE
Pallikaranai,57,69,155,200,168,63,69,44,33,65,9,47,100.0,SEVERE
Pallikaranai,29,102,89,83,202,70,82,61,94,74,11,79,100.0,SEVERE
Pallikaranai,76,108,84,173,244,77,0,54,32,90,4,89,100.0,SEVERE
Pallikaranai,28,101,92,176,73,48,91,74,35,63,15,55,79.99,SEVERE
Pallikaranai,71,42,80,192,197,43,91,34,62,54,8,49,98.54,SEVERE
Pallikaranai,41,109,123,61,207,58,38,40,42,76,20,45,100.0,SEVERE
Pallikaranai,49,67,79,148,105,52,12,40,78,89,24,69,60.6,HIGH
Pallikaranai,62,100,119,195,114,23,8,48,69,57,27,69,72.09,HIGH
Pallikaranai,69,87,59,93,157,53,16,76,49,62,3,80,95.12,SEVERE
Pallikaranai,49,107,60,78,220,79,54,7,90,63,32,79,100.0,SEVERE
Pallikaranai,63,73,38,115,206,79,55,58,21,68,18,81,100.0,SEVERE
Pallikaranai,38,37,115,159,220,92,7,23,42,54,29,21,100.0,SEVERE
Pallikaranai,86,42,83,135,165,94,40,5,51,73,19,50,100.0,SEVERE
Pallikaranai,30,55,131,119,145,24,25,60,83,87,12,20,66.42,HIGH
Pallikaranai,51,109,165,50,201,35,19,46,22,60,20,31,100.0,SEVERE
Pallikaranai,73,38,43,140,111,70,9,48,94,45,11,77,75.78,SEVERE
Pallikaranai,27,96,159,111,154,76,17,20,78,51,27,49,82.12,SEVERE
Pallikaranai,85,42,40,173,166,81,10,11,62,92,15,73,100.0,SEVERE
Pallikaranai,50,89,111,164,173,54,43,53,76,95,22,18,81.2,SEVERE
Pallikaranai,12,27,120,210,161,47,8,55,24,90,28,89,94.24,SEVERE
Pallikaranai,33,99,66,200,90,14,21,61,65,61,23,61,53.46,MODERATE
Pallikaranai,18,45,111,72,155,19,78,12,26,78,9,38,79.2,SEVERE
Pallikaranai,70,89,69,166,202,55,57,75,54,63,19,76,96.78,SEVERE
Pallikaranai,46,93,67,218,221,81,8,48,59,77,30,38,100.0,SEVERE
Pallikaranai,70,97,83,219,61,51,60,9,53,75,22,19,46.37,MODERATE
Pallikaranai,61,52,117,174,219,25,90,17,21,42,8,79,100.0,SEVERE
Tambaram,43,23,99,54,155,57,52,26,77,75,10,44,93.37,SEVERE
Tambaram,70,48,132,165,181,14,87,76,93,98,32,69,99.37,SEVERE
Tambaram,29,41,155,188,164,72,12,21,84,67,20,47,93.46,SEVERE
Tambaram,70,88,86,159,250,65,49,25,59,62,22,13,100.0,SEVERE
Tambaram,40,63,113,124,211,30,75,20,47,75,31,28,100.0,SEVERE
Tambaram,16,96,139,113,184,42,27,37,43,88,15,35,94.09,SEVERE
Tambaram,31,113,102,162,251,46,19,61,20,67,34,43,100.0,SEVERE
Tambaram,27,51,110,67,142,45,83,14,83,64,23,54,79.38,SEVERE
Tambaram,27,23,143,155,238,48,1,6,52,54,32,19,99.27,SEVERE
Tambaram,19,47,55,118,126,54,53,5,29,49,8,17,89.06,SEVERE
Tambaram,34,52,103,143,126,28,40,6,56,96,15,18,74.17,HIGH
Tambaram,25,34,163,216,173,62,64,50,60,99,26,17,100.0,SEVERE
Tambaram,42,40,160,155,172,45,12,33,52,95,12,21,96.87,SEVERE
Tambaram,48,57,131,160,119,92,59,9,50,95,14,55,84.74,SEVERE
Tambaram,79,34,109,140,90,67,11,39,44,49,29,29,74.33,HIGH
Tambaram,80,23,75,170,215,94,55,5,85,49,5,63,100.0,SEVERE
Tambaram,23,78,72,166,142,59,47,32,45,81,18,57,93.96,SEVERE
Tambaram,83,76,139,199,244,66,78,40,75,59,25,16,100.0,SEVERE
Tambaram,62,21,57,217,226,28,13,66,94,50,23,32,92.48,SEVERE
Tambaram,20,52,113,185,64,91,64,70,89,49,5,72,66.49,HIGH
Tambaram,47,111,150,138,99,38,68,16,59,40,12,29,63.17,HIGH
Tambaram,21,99,130,214,242,18,74,49,28,55,32,53,100.0,SEVERE
Tambaram,77,48,58,147,258,25,25,40,34,79,10,20,100.0,SEVERE
Tambaram,84,70,93,189,98,65,68,58,36,82,22,80,65.26,HIGH
Tambaram,76,47,142,66,203,61,19,9,75,54,18,14,89.54,SEVERE
Tambaram,84,36,64,153,180,77,92,66,30,58,32,53,100.0,SEVERE
Tambaram,13,67,154,161,86,27,85,78,76,45,22,76,57.48,HIGH
Tambaram,47,44,75,176,73,17,39,63,69,75,19,18,58.54,HIGH
Tambaram,70,95,72,99,123,85,48,62,53,81,19,32,91.01,SEVERE
Tambaram,71,114,71,65,176,37,43,22,49,63,13,69,77.55,SEVERE
Tambaram,19,77,60,103,142,22,38,25,83,91,2,58,75.3,SEVERE
Tambaram,47,98,89,60,134,31,38,22,31,99,6,66,100.0,SEVERE
Tambaram,82,20,78,81,175,64,89,33,37,95,24,71,100.0,SEVERE
Tambaram,41,94,65,215,95,49,31,53,71,95,28,29,62.72,HIGH
Tambaram,49,29,154,160,65,76,60,51,84,69,17,59,65.22,HIGH
Tambaram,77,41,108,95,106,60,80,38,30,54,7,80,100.0,SEVERE
Tambaram,15,64,167,119,190,25,14,59,24,66,12,11,99.33,SEVERE
Tambaram,15,101,113,173,79,83,1,73,69,60,2,58,68.44,HIGH
Tambaram,71,46,69,87,104,19,24,54,42,86,29,70,73.5,HIGH
Tambaram,84,40,102,127,209,56,79,73,49,92,7,83,100.0,SEVERE
Tambaram,41,116,53,129,240,14,26,11,44,63,22,30,100.0,SEVERE
Tambaram,85,115,67,83,70,91,70,62,41,78,3,64,68.24,HIGH
Tambaram,66,84,98,81,64,89,28,27,71,55,14,66,62.28,HIGH
Tambaram,10,65,103,157,90,23,76,55,80,56,34,31,63.5,HIGH
Tambaram,83,53,151,106,218,48,6,19,71,51,11,53,97.57,SEVERE
Tambaram,59,88,141,210,84,46,23,72,60,45,24,13,63.05,HIGH
Tambaram,50,96,117,193,172,14,7,63,22,62,2,34,85.26,SEVERE
Tambaram,47,119,45,60,114,80,40,52,22,84,4,66,98.54,SEVERE
Tambaram,33,38,83,50,93,60,30,31,80,47,15,24,51.63,MODERATE
Tambaram,13,27,158,59,216,87,46,28,78,98,5,87,100.0,SEVERE
Tambaram,14,91,46,152,72,68,23,12,24,51,19,16,54.53,MODERATE
Tambaram,33,118,130,164,94,70,55,78,55,80,13,13,77.69,SEVERE
Tambaram,69,56,136,50,67,53,62,75,76,55,28,49,51.16,MODERATE
Tambaram,12,25,178,63,247,71,14,69,30,48,20,33,100.0,SEVERE
Tambaram,58,22,70,144,157,69,21,53,76,63,10,54,89.25,SEVERE
Tambaram,55,35,117,208,167,74,30,74,80,95,26,61,97.47,SEVERE
Tambaram,77,61,47,50,106,15,21,13,93,45,22,38,61.13,HIGH
Tambaram,87,99,176,150,194,22,85,61,39,61,22,11,100.0,SEVERE
Tambaram,15,53,156,96,167,79,3,61,41,81,8,21,93.32,SEVERE
Tambaram,88,87,102,83,119,65,34,41,32,66,9,18,76.97,SEVERE
Tambaram,39,29,109,77,63,21,44,76,38,57,10,38,46.62,MODERATE
Tambaram,62,109,172,145,202,88,78,27,29,46,31,54,100.0,SEVERE
Tambaram,32,100,123,199,120,50,12,77,58,73,15,31,73.04,HIGH
Tambaram,63,23,75,186,77,18,80,28,40,73,8,13,52.06,MODERATE
Tambaram,22,89,78,62,62,50,84,30,24,53,18,25,68.29,HIGH
Tambaram,37,115,82,73,247,91,31,49,32,78,24,66,100.0,SEVERE
Tambaram,54,101,61,132,143,55,14,29,91,46,22,63,77.58,SEVERE
Tambaram,12,47,49,66,92,26,83,52,22,77,6,43,66.58,HIGH
Tambaram,20,63,102,109,184,71,72,48,60,69,9,48,100.0,SEVERE
Tambaram,39,95,173,134,232,50,13,6,30,96,17,35,100.0,SEVERE
Tambaram,79,119,47,172,127,14,92,9,35,41,17,57,74.02,HIGH
Tambaram,19,113,151,209,166,56,78,51,52,57,18,15,86.11,SEVERE
Tambaram,79,30,49,64,218,36,32,5,92,66,28,66,92.57,SEVERE
Tambaram,54,80,64,193,246,44,9,68,86,70,21,27,100.0,SEVERE
Tambaram,48,47,135,54,75,30,45,32,34,61,13,51,62.34,HIGH
Tambaram,74,49,165,138,97,38,74,66,48,49,8,18,68.09,HIGH
Tambaram,46,87,155,185,87,60,88,63,44,63,31,12,58.17,HIGH
Tambaram,81,23,38,105,100,52,29,31,62,73,32,48,73.49,HIGH
Tambaram,23,86,159,104,95,39,27,48,84,75,6,35,54.71,MODERATE
Tambaram,56,89,82,160,139,21,37,38,20,93,19,12,84.82,SEVERE
Tambaram,10,36,87,136,205,46,61,5,69,94,19,46,100.0,SEVERE
Tambaram,12,48,55,197,156,88,66,46,58,52,20,64,96.17,SEVERE
Tambaram,85,114,110,124,88,32,87,15,49,81,9,87,75.19,SEVERE
Tambaram,29,94,160,207,230,16,72,13,25,81,17,61,100.0,SEVERE
Tambaram,52,103,98,138,159,87,4,70,81,88,15,51,86.75,SEVERE
Tambaram,80,70,139,67,217,66,99,15,60,70,19,14,100.0,SEVERE
Tambaram,59,43,98,155,72,76,71,9,24,91,11,78,70.69,HIGH
Tambaram,31,85,50,118,129,23,35,44,70,45,30,80,73.24,HIGH
Tambaram,44,102,140,145,95,57,90,78,53,54,26,16,69.22,HIGH
Tambaram,89,52,99,104,148,10,59,49,43,55,27,25,81.89,SEVERE
Tambaram,80,56,49,199,89,38,2,55,72,85,10,36,41.47,MODERATE
Tambaram,12,89,152,145,187,10,3,7,31,99,22,72,83.66,SEVERE
Tambaram,25,110,39,53,75,77,25,38,55,87,13,10,66.83,HIGH
Tambaram,68,95,48,184,74,62,38,27,56,58,28,87,59.59,HIGH
Tambaram,50,64,150,143,153,44,37,46,71,65,28,76,79.67,SEVERE
Tambaram,23,113,77,145,116,47,34,57,26,90,31,55,84.6,SEVERE
Tambaram,25,94,66,164,121,73,79,20,66,69,11,57,87.98,SEVERE
Tambaram,86,105,111,153,133,20,57,66,37,83,26,70,82.1,SEVERE
Tambaram,43,105,165,120,253,58,38,5,65,78,33,67,100.0,SEVERE
Tambaram,69,69,97,187,182,67,46,25,58,97,21,66,91.56,SEVERE
Tambaram,29,117,99,206,238,74,91,50,83,50,4,53,100.0,SEVERE
Tambaram,52,72,123,197,228,19,59,33,79,70,34,44,100.0,SEVERE
Tambaram,84,35,89,192,253,51,48,8,93,40,2,47,100.0,SEVERE
Tambaram,60,90,78,185,181,29,71,49,80,49,9,34,87.76,SEVERE
Tambaram,68,74,113,200,149,29,13,29,68,68,15,48,90.65,SEVERE
Tambaram,22,31,70,194,151,83,64,46,41,60,6,51,100.0,SEVERE
Tambaram,13,99,171,134,167,88,51,51,52,70,19,66,100.0,SEVERE
Tambaram,16,110,163,81,118,92,32,65,78,91,2,48,86.42,SEVERE
Tambaram,27,50,61,179,259,21,23,28,86,66,11,35,100.0,SEVERE
Tambaram,21,102,96,93,205,73,15,10,23,85,22,73,100.0,SEVERE
Tambaram,57,92,92,205,239,78,99,34,28,69,26,72,100.0,SEVERE
Tambaram,45,100,43,105,105,78,46,11,39,42,17,89,86.15,SEVERE
Tambaram,29,63,133,98,112,21,0,42,94,53,16,84,55.5,HIGH
Tambaram,50,34,70,91,182,26,25,21,46,79,15,36,77.64,SEVERE
Tambaram,11,109,167,152,174,69,44,32,46,49,29,35,86.39,SEVERE
Tambaram,50,82,70,97,205,48,14,67,50,80,13,54,98.03,SEVERE
Tambaram,26,87,167,159,88,26,20,12,76,97,19,57,62.13,HIGH
Tambaram,47,78,79,60,173,79,7,21,39,88,18,52,96.87,SEVERE
Tambaram,67,23,51,188,191,24,43,8,70,85,11,38,91.68,SEVERE
Tambaram,31,44,97,196,212,35,94,20,88,58,19,26,100.0,SEVERE
Tambaram,79,28,107,76,237,45,67,70,60,43,9,27,100.0,SEVERE
Tambaram,48,109,70,165,138,30,25,36,45,52,13,20,72.43,HIGH
Tambaram,18,77,163,111,229,61,73,27,22,60,32,73,100.0,SEVERE
Tambaram,39,52,169,147,119,33,87,9,24,84,2,23,81.55,SEVERE
Tambaram,68,68,48,81,212,18,59,31,47,97,21,59,100.0,SEVERE
Tambaram,64,23,69,152,184,17,78,45,37,85,34,43,93.18,SEVERE
Tambaram,57,24,105,54,67,46,74,71,26,54,15,55,76.63,SEVERE
Tambaram,53,26,46,76,192,38,24,55,81,66,31,68,98.28,SEVERE
Tambaram,24,95,173,218,175,74,88,68,87,89,14,68,100.0,SEVERE
Tambaram,74,113,120,130,93,64,56,43,70,91,6,44,83.17,SEVERE
Tambaram,72,99,158,213,181,31,56,58,27,85,19,84,99.93,SEVERE
Tambaram,45,77,130,148,240,24,72,78,36,55,17,67,100.0,SEVERE
Tambaram,73,64,128,85,152,26,2,69,80,70,2,17,59.62,HIGH
Tambaram,26,45,159,198,212,36,57,20,84,45,26,50,87.0,SEVERE
Tambaram,22,95,126,128,134,39,48,24,41,56,2,84,89.08,SEVERE
Tambaram,22,118,104,105,140,17,31,23,80,43,16,73,70.8,HIGH
Tambaram,27,53,67,162,118,63,65,75,47,97,15,64,76.48,SEVERE
Tambaram,47,99,86,133,159,69,61,10,80,85,5,86,87.64,SEVERE
Tambaram,49,103,75,208,143,29,35,44,71,95,8,86,80.04,SEVERE
Tambaram,84,54,124,168,62,28,68,29,20,41,29,22,63.92,HIGH
Tambaram,19,85,113,160,158,76,64,36,21,56,6,11,93.79,SEVERE
Tambaram,16,51,108,80,114,11,5,16,53,79,28,60,67.61,HIGH
Tambaram,30,99,170,146,228,21,87,47,36,43,25,44,100.0,SEVERE
Tambaram,89,62,46,97,89,68,80,68,67,86,15,60,73.01,HIGH
Tambaram,54,23,114,172,133,56,28,25,29,59,28,84,72.29,HIGH
Tambaram,59,67,96,155,216,45,56,40,41,57,4,45,100.0,SEVERE
Tambaram,88,23,145,185,147,34,35,56,84,78,18,62,75.19,SEVERE
Tambaram,39,93,127,169,163,30,7,26,59,65,18,32,82.46,SEVERE
Tambaram,77,59,99,152,112,28,37,65,30,66,24,66,68.62,HIGH
Tambaram,11,66,152,54,237,67,0,30,36,96,20,35,100.0,SEVERE
Tambaram,10,45,58,155,193,49,14,32,83,52,7,18,100.0,SEVERE
Tambaram,56,119,128,120,101,10,15,76,30,41,28,43,68.73,HIGH
Tambaram,51,111,102,171,235,49,28,78,37,42,21,88,100.0,SEVERE
Tambaram,76,112,96,93,162,22,84,54,56,70,25,51,98.52,SEVERE
Tambaram,85,82,142,102,67,44,87,15,60,51,16,21,60.38,HIGH
Tambaram,70,90,69,140,80,41,50,55,27,88,17,80,72.47,HIGH
Tambaram,65,101,57,136,65,50,81,69,41,63,20,41,63.15,HIGH
Tambaram,42,71,168,142,137,66,77,37,56,53,30,79,100.0,SEVERE
Tambaram,31,112,44,85,122,57,24,45,76,89,5,21,68.89,HIGH
Tambaram,62,73,149,149,107,53,70,7,65,69,4,31,57.87,HIGH
Tambaram,33,84,93,134,219,17,35,10,89,51,29,25,80.95,SEVERE
Tambaram,76,37,65,199,124,27,74,11,85,92,30,33,78.26,SEVERE
Tambaram,36,115,126,210,210,70,11,10,23,75,8,89,100.0,SEVERE
Tambaram,63,30,43,117,127,36,52,14,29,81,34,31,72.1,HIGH
Tambaram,36,29,96,134,192,23,18,37,25,48,22,86,97.71,SEVERE
Tambaram,89,72,138,83,175,16,62,20,88,43,23,21,73.41,HIGH
Tambaram,87,85,88,64,179,47,5,48,35,54,2,39,80.75,SEVERE
Tambaram,44,42,54,129,72,94,47,79,86,98,19,43,72.1,HIGH
Tambaram,77,52,36,90,108,11,66,12,83,67,25,37,55.34,HIGH
Tambaram,61,91,73,110,249,82,41,23,42,72,20,24,100.0,SEVERE
Tambaram,73,35,94,77,108,62,28,24,94,50,8,84,66.07,HIGH
Tambaram,43,76,71,143,189,31,81,38,92,45,12,67,83.69,SEVERE
Tambaram,88,39,95,103,144,86,73,64,39,96,16,62,100.0,SEVERE
Tambaram,58,68,128,203,137,53,18,31,77,78,8,53,69.6,HIGH
Tambaram,62,51,154,193,166,42,4,66,87,66,19,70,77.5,SEVERE
Tambaram,63,112,143,131,164,32,66,23,45,55,13,39,75.32,SEVERE
Tambaram,45,114,61,163,95,56,49,38,69,89,12,77,76.96,SEVERE
Tambaram,34,115,52,117,144,78,48,77,75,82,26,22,77.12,SEVERE
Tambaram,26,31,54,184,191,33,73,57,81,94,31,24,98.4,SEVERE
Tambaram,42,84,122,121,259,24,9,7,81,64,16,61,96.08,SEVERE
Tambaram,14,35,170,126,93,41,33,25,42,83,5,34,69.33,HIGH
Tambaram,80,112,78,141,64,62,15,10,70,50,17,18,49.15,MODERATE
Tambaram,55,103,98,81,90,28,20,29,36,75,6,59,74.48,HIGH
Tambaram,51,110,98,100,177,65,43,46,55,58,12,82,100.0,SEVERE
Tambaram,86,91,42,173,177,87,48,43,43,59,22,76,100.0,SEVERE
Tambaram,58,70,84,180,123,32,86,49,46,91,33,35,75.06,SEVERE
Tambaram,66,115,114,185,179,85,40,33,51,99,22,22,100.0,SEVERE
Tambaram,74,67,116,185,163,87,63,59,78,77,3,44,96.83,SEVERE
Tambaram,21,70,84,53,84,52,7,69,76,82,7,73,56.4,HIGH
Tambaram,10,72,150,55,70,42,51,40,51,55,3,12,52.83,MODERATE
Tambaram,72,63,46,120,257,31,49,45,44,66,17,47,100.0,SEVERE
Tambaram,14,20,94,204,67,16,67,38,37,52,23,51,61.48,HIGH
Tambaram,52,106,80,117,92,64,3,23,73,41,34,42,56.94,HIGH
Tambaram,61,65,163,213,100,70,30,79,38,57,25,73,70.18,HIGH
Tambaram,37,81,115,217,246,65,67,72,33,83,27,20,100.0,SEVERE
Tambaram,37,68,105,206,253,78,65,12,88,48,7,15,100.0,SEVERE
Tambaram,28,28,94,173,258,56,60,67,87,56,34,51,100.0,SEVERE
Tambaram,17,108,132,79,238,18,68,20,25,88,29,18,100.0,SEVERE
Tambaram,12,94,167,177,106,26,68,9,60,66,26,26,63.09,HIGH
Tambaram,29,55,44,126,112,19,55,47,26,51,4,64,79.66,SEVERE
Saidapet,25,117,72,166,153,25,30,6,76,60,18,22,72.75,HIGH
Saidapet,55,107,138,152,237,24,96,46,50,55,26,88,100.0,SEVERE
Saidapet,47,93,92,181,201,15,55,17,56,63,28,79,97.79,SEVERE
Saidapet,60,85,127,183,256,80,13,40,54,70,19,67,100.0,SEVERE
Saidapet,46,105,80,53,255,26,60,65,40,60,11,21,100.0,SEVERE
Saidapet,46,73,37,193,195,16,84,7,62,67,18,86,100.0,SEVERE
Saidapet,56,115,140,200,146,34,51,66,89,81,25,50,81.31,SEVERE
Saidapet,49,101,115,184,65,74,50,79,55,68,6,74,57.59,HIGH
Saidapet,17,41,162,57,161,44,93,69,87,57,21,66,92.11,SEVERE
Saidapet,88,55,53,154,216,21,4,72,90,49,31,82,82.02,SEVERE
Saidapet,56,119,165,152,99,17,25,9,34,44,27,57,55.71,HIGH
Saidapet,42,60,65,125,94,60,99,44,42,81,29,47,87.4,SEVERE
Saidapet,24,119,81,109,205,11,20,14,49,73,7,37,89.93,SEVERE
Saidapet,11,82,38,138,235,77,23,24,78,89,11,10,100.0,SEVERE
Saidapet,45,113,152,183,64,82,75,34,64,89,31,54,98.21,SEVERE
Saidapet,64,25,153,84,238,56,32,9,21,84,14,77,100.0,SEVERE
Saidapet,85,30,128,209,124,15,87,40,22,90,24,15,83.87,SEVERE
Saidapet,86,22,150,136,176,78,89,14,21,47,24,55,100.0,SEVERE
Saidapet,52,93,84,211,258,75,45,70,74,71,16,76,100.0,SEVERE
Saidapet,89,26,135,161,177,14,49,71,37,81,30,86,100.0,SEVERE
Saidapet,65,68,125,176,202,30,75,45,89,79,31,88,98.51,SEVERE
Saidapet,40,67,148,150,147,22,71,37,22,57,31,19,84.45,SEVERE
Saidapet,16,36,171,150,102,24,42,59,74,51,25,81,68.27,HIGH
Saidapet,86,72,147,104,119,29,21,40,27,90,18,83,72.89,HIGH
Saidapet,51,35,154,172,89,59,53,20,29,85,10,51,73.51,HIGH
Saidapet,13,55,114,124,182,25,44,61,45,49,29,72,86.64,SEVERE
Saidapet,72,94,108,53,179,33,77,40,87,75,20,83,96.0,SEVERE
Saidapet,39,107,144,77,158,41,64,8,73,84,9,22,88.5,SEVERE
Saidapet,85,97,173,140,247,11,28,5,70,70,11,34,99.66,SEVERE
Saidapet,51,81,69,88,130,60,25,33,60,51,20,21,67.07,HIGH
Saidapet,32,22,174,102,220,86,80,67,27,62,26,56,100.0,SEVERE
Saidapet,74,102,90,90,121,35,34,27,54,42,11,35,69.79,HIGH
Saidapet,64,111,116,68,240,48,68,33,57,69,11,54,100.0,SEVERE
Saidapet,20,104,117,215,180,65,89,54,44,71,9,36,100.0,SEVERE
Saidapet,63,78,79,57,200,80,73,36,69,64,13,36,100.0,SEVERE
Saidapet,63,37,160,75,178,24,36,54,94,99,31,28,85.45,SEVERE
Saidapet,83,47,37,160,75,13,93,42,28,79,14,52,82.61,SEVERE
Saidapet,61,102,96,214,149,49,88,52,85,87,25,29,100.0,SEVERE
Saidapet,59,48,82,181,95,19,76,26,77,72,34,51,69.75,HIGH
Saidapet,26,119,143,68,61,33,1,31,94,68,2,49,31.5,LOW
Saidapet,17,97,99,53,194,48,77,51,79,67,2,20,95.82,SEVERE
Saidapet,73,61,159,81,136,74,12,29,76,75,27,51,78.54,SEVERE
Saidapet,87,32,120,69,105,35,64,37,84,57,22,71,61.57,HIGH
Saidapet,68,28,113,120,251,75,92,68,50,84,3,54,100.0,SEVERE
Saidapet,87,88,156,89,258,56,67,62,67,59,22,62,100.0,SEVERE
Saidapet,50,70,51,65,64,66,41,69,72,48,5,39,62.54,HIGH
Saidapet,24,22,94,218,196,51,14,31,59,56,25,88,97.3,SEVERE
Saidapet,20,92,101,98,103,15,47,56,37,40,17,64,65.39,HIGH
Saidapet,22,94,159,180,163,71,39,6,47,82,23,89,96.09,SEVERE
Saidapet,10,47,162,188,79,23,56,54,93,85,8,12,46.84,MODERATE
Saidapet,83,77,107,101,77,84,82,17,72,61,16,77,79.58,SEVERE
Saidapet,34,102,167,63,226,51,59,10,71,80,23,73,100.0,SEVERE
Saidapet,69,118,132,164,168,75,7,42,51,94,4,61,95.27,SEVERE
Saidapet,78,43,161,134,254,72,3,20,50,52,6,88,100.0,SEVERE
Saidapet,27,38,167,106,62,43,45,51,45,95,23,88,65.06,HIGH
Saidapet,39,89,143,104,247,82,89,21,73,46,5,87,100.0,SEVERE
Saidapet,44,50,45,164,204,49,80,29,61,57,21,20,100.0,SEVERE
Saidapet,54,64,128,137,116,28,64,75,76,78,32,81,58.61,HIGH
Saidapet,60,82,75,194,233,38,47,19,33,55,14,31,100.0,SEVERE
Saidapet,59,52,112,96,200,65,96,8,83,60,4,65,100.0,SEVERE
Saidapet,88,42,114,84,84,10,1,40,52,42,13,31,36.87,MODERATE
Saidapet,65,111,62,86,210,36,84,39,35,90,20,74,100.0,SEVERE
Saidapet,64,32,131,120,218,83,40,71,28,46,34,55,100.0,SEVERE
Saidapet,33,88,154,205,141,48,16,11,52,74,5,42,86.11,SEVERE
Saidapet,85,54,91,198,198,33,68,16,53,58,34,12,97.64,SEVERE
Saidapet,12,86,133,74,67,19,40,14,72,44,28,79,43.63,MODERATE
Saidapet,85,24,84,179,127,72,77,79,44,60,2,32,91.76,SEVERE
Saidapet,43,105,147,173,61,50,72,23,51,83,28,78,64.7,HIGH
Saidapet,40,86,95,118,93,50,23,44,86,86,17,88,75.77,SEVERE
Saidapet,71,54,162,113,111,21,84,27,80,45,18,44,66.6,HIGH
Saidapet,15,54,103,184,152,30,26,50,52,94,16,55,91.44,SEVERE
Saidapet,78,54,96,150,71,53,34,16,51,66,8,53,63.38,HIGH
Saidapet,87,81,147,61,213,38,71,65,38,55,3,58,100.0,SEVERE
Saidapet,22,51,93,205,84,39,63,22,86,94,14,69,70.45,HIGH
Saidapet,24,24,85,72,118,64,58,20,21,53,17,72,84.26,SEVERE
Saidapet,54,27,67,56,165,47,58,51,49,92,32,18,83.24,SEVERE
Saidapet,29,72,39,111,98,51,81,74,35,72,17,43,90.42,SEVERE
Saidapet,42,26,167,208,124,52,86,42,56,95,29,50,81.66,SEVERE
Saidapet,64,47,112,161,77,58,73,21,61,82,3,61,73.28,HIGH
Saidapet,61,20,37,125,249,10,78,10,56,65,17,16,100.0,SEVERE
Saidapet,71,85,114,102,190,94,92,73,36,75,15,87,100.0,SEVERE
Saidapet,23,51,138,177,130,21,13,56,54,69,28,11,66.52,HIGH
Saidapet,84,115,107,103,106,25,99,19,53,68,24,77,80.73,SEVERE
Saidapet,55,63,57,85,146,13,31,39,55,88,33,68,75.86,SEVERE
Saidapet,68,79,101,124,141,59,17,43,35,80,30,50,87.33,SEVERE
Saidapet,62,62,39,52,104,30,72,42,94,72,31,54,51.88,MODERATE
Saidapet,45,47,103,163,135,69,98,35,42,64,29,24,99.57,SEVERE
Saidapet,77,98,148,204,96,60,9,27,23,80,22,69,80.01,SEVERE
Saidapet,64,102,163,62,140,10,81,14,81,49,2,80,76.29,SEVERE
Saidapet,61,47,135,122,114,43,0,27,64,48,5,62,62.87,HIGH
Saidapet,69,97,40,84,134,72,7,65,43,47,30,16,82.94,SEVERE
Saidapet,51,66,134,157,182,11,55,25,80,70,6,80,87.94,SEVERE
Saidapet,84,97,159,162,242,19,59,27,49,54,8,45,100.0,SEVERE
Saidapet,37,63,111,91,164,69,24,48,73,71,11,54,81.06,SEVERE
Saidapet,55,88,81,115,237,40,59,16,89,75,27,58,100.0,SEVERE
Saidapet,66,105,53,193,226,19,10,57,83,63,23,89,100.0,SEVERE
Saidapet,89,48,103,125,164,32,67,56,35,68,3,27,91.51,SEVERE
Saidapet,59,108,138,184,202,52,63,26,86,50,31,80,90.75,SEVERE
Saidapet,89,77,84,199,162,20,24,56,54,53,28,19,81.54,SEVERE
Saidapet,13,58,166,209,234,37,6,66,47,84,5,63,100.0,SEVERE
Saidapet,18,60,178,116,191,23,72,25,62,92,23,47,95.98,SEVERE
Saidapet,77,41,130,132,124,70,36,26,59,85,30,60,79.79,SEVERE
Saidapet,31,45,105,157,189,23,78,32,85,83,34,60,100.0,SEVERE
Saidapet,41,105,90,59,109,60,62,78,90,71,20,74,68.52,HIGH
Saidapet,47,98,151,161,191,68,58,22,41,84,22,29,99.78,SEVERE
Saidapet,60,42,171,90,146,82,52,23,26,61,24,67,100.0,SEVERE
Saidapet,66,35,44,132,174,30,21,22,45,40,2,39,92.28,SEVERE
Saidapet,56,23,124,155,174,63,80,10,32,59,24,79,95.68,SEVERE
Saidapet,42,61,43,129,162,27,76,65,42,94,5,82,84.15,SEVERE
Saidapet,62,51,150,77,108,36,19,29,65,77,20,25,60.24,HIGH
Saidapet,30,30,100,51,128,82,26,57,56,61,23,57,73.89,HIGH
Saidapet,83,36,174,130,259,40,56,51,45,53,19,63,100.0,SEVERE
Saidapet,61,36,171,57,190,47,65,63,71,79,29,66,99.41,SEVERE
Saidapet,26,43,123,140,75,27,96,59,76,51,4,33,59.42,HIGH
Saidapet,72,68,106,152,251,47,59,73,47,90,19,80,100.0,SEVERE
Saidapet,35,83,82,153,217,46,42,29,74,75,19,12,100.0,SEVERE
Saidapet,78,105,44,57,216,54,30,51,37,51,14,81,95.69,SEVERE
Saidapet,54,108,172,179,85,30,21,16,33,58,20,41,49.46,MODERATE
Saidapet,22,119,121,89,221,80,96,16,67,98,28,28,100.0,SEVERE
Saidapet,49,75,146,70,167,79,54,25,24,72,25,53,92.63,SEVERE
Saidapet,50,25,115,78,204,23,90,27,52,48,8,83,100.0,SEVERE
Saidapet,88,82,41,110,137,33,24,42,48,57,15,37,67.44,HIGH
Saidapet,85,70,121,217,182,28,39,41,55,48,5,37,93.35,SEVERE
Saidapet,77,37,95,148,146,45,35,8,84,95,4,43,81.93,SEVERE
Saidapet,88,61,143,209,226,34,81,35,21,85,29,37,100.0,SEVERE
Saidapet,19,119,38,144,62,68,90,53,65,89,34,78,66.26,HIGH
Saidapet,75,49,132,53,235,62,74,66,36,67,30,23,100.0,SEVERE
Saidapet,56,70,134,192,129,24,42,50,76,85,13,84,68.6,HIGH
Saidapet,11,112,61,152,222,75,94,9,50,70,24,59,100.0,SEVERE
Saidapet,18,63,72,144,219,56,58,8,68,66,6,27,100.0,SEVERE
Saidapet,50,117,61,100,246,24,65,21,44,68,13,79,100.0,SEVERE
Saidapet,52,25,68,56,231,29,34,68,73,77,3,55,97.11,SEVERE
Saidapet,69,112,72,106,124,80,7,72,78,69,21,81,74.2,HIGH
Saidapet,14,85,56,64,256,50,65,21,27,43,13,10,100.0,SEVERE
Saidapet,52,78,79,127,75,35,97,79,56,96,18,20,60.17,HIGH
Saidapet,58,84,79,174,160,41,29,60,38,47,31,36,75.39,SEVERE
Saidapet,77,82,137,192,248,13,74,18,86,42,10,25,100.0,SEVERE
Saidapet,11,70,175,139,149,65,55,33,64,40,10,63,95.57,SEVERE
Saidapet,19,106,82,53,205,55,45,72,43,74,26,58,100.0,SEVERE
Saidapet,69,32,58,164,83,84,10,78,70,66,10,37,61.67,HIGH
Saidapet,26,74,178,93,198,24,83,17,42,67,14,23,100.0,SEVERE
Saidapet,88,25,83,208,91,16,74,10,87,67,30,29,75.76,SEVERE
Saidapet,70,111,81,118,175,48,24,33,65,42,13,33,94.31,SEVERE
Saidapet,49,30,85,145,234,18,43,12,52,68,28,45,100.0,SEVERE
Saidapet,14,20,86,82,78,30,97,65,21,94,8,42,73.08,HIGH
Saidapet,70,91,121,156,205,25,39,13,72,66,23,55,94.5,SEVERE
Saidapet,87,49,50,102,240,32,98,39,84,79,3,50,100.0,SEVERE
Saidapet,53,30,136,189,78,50,65,9,49,55,3,74,70.62,HIGH
Saidapet,56,107,179,152,130,45,82,36,58,51,34,62,80.05,SEVERE
Saidapet,42,35,161,200,226,41,25,8,74,59,31,79,100.0,SEVERE
Saidapet,21,69,103,212,191,84,59,66,83,91,15,40,100.0,SEVERE
Saidapet,83,77,169,172,208,25,56,59,77,97,12,34,81.56,SEVERE
Saidapet,24,57,172,83,216,19,17,63,65,73,30,34,77.08,SEVERE
Saidapet,69,53,126,126,168,83,39,55,90,85,34,56,86.19,SEVERE
Saidapet,61,44,80,94,226,17,73,46,25,76,26,68,100.0,SEVERE
Saidapet,23,21,87,157,67,94,58,27,92,51,33,32,68.47,HIGH
Saidapet,89,45,176,108,117,64,69,30,30,63,19,13,87.06,SEVERE
Saidapet,12,60,145,105,158,17,79,52,83,91,13,13,80.26,SEVERE
Saidapet,52,34,168,152,110,88,76,37,30,60,21,71,81.06,SEVERE
Saidapet,32,44,99,77,140,40,28,63,44,81,25,63,77.4,SEVERE
Saidapet,28,47,161,107,199,13,61,70,73,74,30,33,99.21,SEVERE
Saidapet,65,92,143,177,85,66,76,20,55,94,15,70,77.22,SEVERE
Saidapet,60,85,148,203,119,88,62,49,44,65,23,39,83.25,SEVERE
Saidapet,43,84,39,63,229,22,79,72,56,93,16,86,100.0,SEVERE
Saidapet,41,98,41,190,64,36,59,15,56,99,29,12,67.0,HIGH
Saidapet,15,85,110,165,119,31,73,59,32,52,21,76,87.46,SEVERE
Saidapet,74,89,165,183,250,26,27,22,24,86,23,16,100.0,SEVERE
Saidapet,42,65,76,208,102,57,43,34,81,98,2,47,76.89,SEVERE
Saidapet,59,61,79,103,119,37,37,56,27,42,19,64,60.45,HIGH
Saidapet,59,58,141,74,84,56,39,59,57,61,7,23,54.16,MODERATE
Saidapet,50,101,165,95,81,75,68,29,64,51,25,68,87.25,SEVERE
Saidapet,36,23,53,213,151,22,4,31,93,63,34,49,60.92,HIGH
Saidapet,12,20,168,208,86,64,92,76,42,89,23,84,92.11,SEVERE
Saidapet,11,55,36,125,222,65,31,37,47,83,10,17,100.0,SEVERE
Saidapet,48,40,41,210,212,23,7,14,48,88,7,75,100.0,SEVERE
Saidapet,32,116,103,95,108,80,40,31,75,72,23,45,75.99,SEVERE
Saidapet,13,77,109,177,238,24,95,74,66,71,7,24,100.0,SEVERE
Saidapet,44,39,54,60,188,68,63,13,23,46,26,69,100.0,SEVERE
Saidapet,35,100,55,185,152,22,93,43,70,45,14,60,80.87,SEVERE
Saidapet,58,114,149,85,242,68,5,14,89,52,5,46,100.0,SEVERE
Saidapet,62,119,145,54,77,10,39,31,90,61,3,80,46.81,MODERATE
Saidapet,71,108,153,74,185,45,62,60,57,58,32,63,100.0,SEVERE
Saidapet,77,52,101,196,130,31,91,77,43,58,9,11,80.45,SEVERE
Saidapet,77,37,127,136,182,19,46,51,45,92,19,39,89.83,SEVERE
Saidapet,48,60,161,183,91,60,45,12,69,72,4,47,81.36,SEVERE
Saidapet,38,31,64,216,184,24,48,19,53,48,22,55,80.78,SEVERE
Saidapet,32,44,66,123,150,67,5,26,83,94,32,34,89.13,SEVERE
Saidapet,68,54,103,193,222,54,83,31,51,90,14,70,100.0,SEVERE
Saidapet,27,80,104,112,208,10,9,77,69,72,2,57,97.64,SEVERE
Saidapet,13,75,118,99,70,92,70,51,77,80,6,46,69.57,HIGH
Saidapet,87,26,82,109,183,24,22,54,41,92,30,34,84.35,SEVERE
Saidapet,37,87,77,75,111,89,25,32,67,46,10,23,65.03,HIGH
Saidapet,70,44,124,162,233,23,73,19,62,92,4,21,100.0,SEVERE
Saidapet,64,70,85,196,229,37,0,14,28,98,21,64,96.9,SEVERE
Saidapet,67,95,102,168,168,42,59,29,91,83,26,67,81.94,SEVERE
Saidapet,26,76,45,100,174,51,94,51,50,65,22,73,100.0,SEVERE
Saidapet,55,20,167,146,108,63,67,73,22,64,7,55,96.03,SEVERE
Saidapet,88,73,94,61,117,86,45,73,59,72,16,54,84.81,SEVERE
Saidapet,48,79,114,122,118,70,60,8,53,82,27,32,80.28,SEVERE
Saidapet,45,82,161,88,90,47,8,67,92,76,34,15,42.69,MODERATE
Guindy,32,51,114,159,92,62,92,5,85,76,13,68,80.72,SEVERE
Guindy,16,25,128,101,107,45,72,18,92,65,6,15,60.01,HIGH
Guindy,43,86,109,94,81,70,49,8,33,73,7,41,77.73,SEVERE
Guindy,60,98,42,113,113,62,82,22,77,74,29,16,75.52,SEVERE
Guindy,32,38,177,200,86,47,73,49,34,61,14,33,76.76,SEVERE
Guindy,66,111,150,185,91,21,78,61,75,65,19,11,58.02,HIGH
Guindy,20,33,41,85,258,69,94,24,64,93,13,62,100.0,SEVERE
Guindy,87,81,119,197,196,40,63,46,37,70,22,82,100.0,SEVERE
Guindy,89,77,76,178,136,41,83,70,59,62,30,23,74.2,HIGH
Guindy,78,62,155,52,211,15,64,19,92,86,5,81,100.0,SEVERE
Guindy,16,30,69,140,168,82,16,61,20,57,7,19,99.36,SEVERE
Guindy,63,105,120,59,129,80,4,12,82,43,33,70,76.75,SEVERE
Guindy,17,61,152,203,149,81,77,9,66,76,19,71,100.0,SEVERE
Guindy,35,118,174,166,188,18,40,19,58,89,9,89,87.7,SEVERE
Guindy,87,30,141,179,126,15,30,10,70,93,34,74,71.43,HIGH
Guindy,71,85,179,104,142,87,31,27,31,56,21,80,89.65,SEVERE
Guindy,71,109,143,76,157,90,90,50,92,80,4,83,100.0,SEVERE
Guindy,29,91,39,158,232,76,30,72,47,80,18,15,100.0,SEVERE
Guindy,84,115,94,214,69,92,23,7,76,62,11,70,65.41,HIGH
Guindy,25,28,82,153,104,22,74,41,52,54,2,14,77.51,SEVERE
Guindy,29,111,84,176,128,89,82,40,71,64,33,38,74.67,HIGH
Guindy,61,55,155,176,223,78,15,70,83,54,34,52,100.0,SEVERE
Guindy,39,23,135,170,193,56,36,59,85,45,14,89,100.0,SEVERE
Guindy,24,66,53,197,163,30,9,60,80,92,34,75,67.22,HIGH
Guindy,89,66,144,189,83,68,33,14,32,46,31,71,71.38,HIGH
Guindy,62,71,122,204,163,66,57,34,86,64,28,58,91.06,SEVERE
Guindy,68,76,124,136,127,71,87,57,77,89,14,15,86.39,SEVERE
Guindy,75,71,147,62,188,67,50,58,56,71,21,73,100.0,SEVERE
Guindy,43,40,83,109,122,44,50,57,42,90,17,67,94.0,SEVERE
Guindy,46,56,106,76,154,68,72,23,45,71,19,73,100.0,SEVERE
Guindy,80,49,154,106,126,65,62,46,37,45,31,79,85.89,SEVERE
Guindy,80,67,45,83,114,42,93,29,65,56,23,55,83.57,SEVERE
Guindy,18,108,137,210,235,28,70,12,92,87,24,89,100.0,SEVERE
Guindy,18,22,174,92,145,13,62,66,83,74,23,51,81.22,SEVERE
Guindy,84,45,103,152,174,12,28,53,72,84,34,63,90.78,SEVERE
Guindy,39,102,102,171,84,20,21,19,65,78,20,33,38.31,MODERATE
Guindy,47,35,46,78,82,50,54,50,52,50,2,66,71.35,HIGH
Guindy,26,51,66,87,158,76,71,76,46,69,14,13,95.7,SEVERE
Guindy,48,35,142,193,252,17,11,77,83,75,12,51,93.86,SEVERE
Guindy,52,22,136,182,119,19,14,68,53,71,33,14,75.94,SEVERE
Guindy,53,22,136,73,216,77,82,39,40,92,20,60,100.0,SEVERE
Guindy,56,49,146,72,203,91,56,12,61,71,20,31,100.0,SEVERE
Guindy,54,79,128,185,236,76,79,70,38,57,19,47,100.0,SEVERE
Guindy,21,94,154,101,122,57,47,17,57,89,26,75,83.87,SEVERE
Guindy,29,24,51,218,188,31,85,28,64,54,5,31,100.0,SEVERE
Guindy,11,43,117,116,187,65,96,67,37,81,22,57,100.0,SEVERE
Guindy,40,101,164,56,154,32,16,9,60,80,19,39,82.91,SEVERE
Guindy,82,54,69,127,161,48,83,8,59,65,8,61,100.0,SEVERE
Guindy,16,27,96,163,122,36,86,6,25,49,34,49,90.22,SEVERE
Guindy,87,89,67,90,74,75,13,26,46,77,22,73,68.1,HIGH
Guindy,41,24,141,141,155,94,17,77,71,53,24,70,77.65,SEVERE
Guindy,76,36,36,163,241,52,13,45,38,89,22,36,100.0,SEVERE
Guindy,64,56,117,57,140,42,53,76,91,68,23,18,61.56,HIGH
Guindy,64,116,102,204,255,58,9,33,77,74,32,75,100.0,SEVERE
Guindy,38,101,108,127,74,20,59,47,61,49,18,14,39.35,MODERATE
Guindy,59,85,177,195,135,76,9,69,48,85,34,66,84.72,SEVERE
Guindy,23,82,113,70,203,14,99,16,53,89,18,69,100.0,SEVERE
Guindy,47,117,109,201,206,21,64,70,29,90,5,79,100.0,SEVERE
Guindy,68,31,117,207,101,24,42,32,23,67,10,19,65.67,HIGH
Guindy,83,119,88,199,152,87,17,26,75,53,29,44,89.42,SEVERE
Guindy,73,20,143,182,224,94,78,44,54,63,29,41,100.0,SEVERE
Guindy,35,46,98,135,203,46,15,45,24,90,27,28,100.0,SEVERE
Guindy,39,23,170,72,191,58,23,65,28,93,26,60,100.0,SEVERE
Guindy,32,35,169,118,225,38,95,70,43,69,28,28,100.0,SEVERE
Guindy,57,33,83,206,75,14,42,5,22,50,5,74,59.59,HIGH
Guindy,66,82,129,110,237,15,10,69,25,51,7,12,100.0,SEVERE
Guindy,62,28,171,66,197,78,52,41,28,54,30,37,100.0,SEVERE
Guindy,64,26,42,69,70,62,13,50,33,98,25,39,57.43,HIGH
Guindy,14,73,38,158,136,21,53,46,75,51,20,77,84.41,SEVERE
Guindy,67,62,163,214,107,93,0,14,23,62,32,58,73.83,HIGH
Guindy,51,58,104,94,100,90,55,35,25,85,17,40,86.36,SEVERE
Guindy,52,106,102,50,105,14,50,32,29,81,7,37,63.86,HIGH
Guindy,29,51,108,91,254,10,94,45,22,46,5,32,100.0,SEVERE
Guindy,34,92,77,94,115,37,83,23,40,97,23,25,80.15,SEVERE
Guindy,22,64,135,82,210,23,78,12,54,78,10,58,100.0,SEVERE
Guindy,41,97,141,105,206,88,81,59,77,88,11,67,100.0,SEVERE
Guindy,84,48,157,121,101,18,54,38,58,42,10,10,53.02,MODERATE
Guindy,22,88,35,145,244,38,19,47,40,93,30,62,100.0,SEVERE
Guindy,68,66,175,108,61,69,66,78,49,65,20,41,59.35,HIGH
Guindy,72,62,67,218,165,70,59,31,92,62,34,44,89.05,SEVERE
Guindy,87,72,91,187,183,66,68,19,26,83,2,67,100.0,SEVERE
Guindy,66,82,148,153,69,81,21,15,85,51,19,48,64.46,HIGH
Guindy,18,61,103,183,181,22,97,39,92,99,3,50,100.0,SEVERE
Guindy,33,34,157,165,137,43,7,26,89,41,6,77,70.64,HIGH
Guindy,49,94,85,114,186,60,90,23,40,49,23,52,100.0,SEVERE
Guindy,40,39,113,124,141,47,91,21,40,73,3,21,93.5,SEVERE
Guindy,62,31,158,132,91,36,22,38,55,66,17,82,45.36,MODERATE
Guindy,87,101,153,88,147,39,9,10,66,65,29,63,91.24,SEVERE
Guindy,49,76,175,158,64,25,42,7,32,87,6,23,65.76,HIGH
Guindy,30,113,126,213,130,62,23,33,33,89,8,26,78.14,SEVERE
Guindy,35,55,77,205,176,88,98,53,81,46,33,48,100.0,SEVERE
Guindy,17,108,100,73,191,14,45,57,74,67,14,77,79.71,SEVERE
Guindy,22,100,103,56,93,12,81,39,25,53,22,57,68.47,HIGH
Guindy,15,23,92,173,192,27,65,54,34,84,15,14,98.13,SEVERE
Guindy,65,46,144,116,152,17,99,67,34,73,27,50,83.71,SEVERE
Guindy,31,53,88,201,160,71,90,74,84,94,33,89,100.0,SEVERE
Guindy,19,99,80,186,246,64,76,25,52,97,28,26,100.0,SEVERE
Guindy,37,92,157,65,75,68,44,68,25,60,3,66,68.14,HIGH
Guindy,35,104,41,211,237,22,13,56,20,70,4,52,100.0,SEVERE
Guindy,80,68,128,152,256,29,23,33,75,91,11,18,93.64,SEVERE
Guindy,39,38,158,193,209,59,26,35,25,54,16,44,100.0,SEVERE
Guindy,31,70,102,129,229,73,86,33,39,65,20,36,100.0,SEVERE
Guindy,56,91,111,198,259,86,9,71,45,67,15,32,100.0,SEVERE
Guindy,87,115,95,173,160,52,73,56,88,86,22,83,92.23,SEVERE
Guindy,41,63,148,96,236,52,34,29,51,96,5,50,100.0,SEVERE
Guindy,55,54,54,158,243,54,43,14,90,92,31,38,100.0,SEVERE
Guindy,28,40,90,144,84,69,45,71,40,43,12,87,79.83,SEVERE
Guindy,77,48,128,84,132,35,67,70,38,57,29,47,76.11,SEVERE
Guindy,21,107,87,161,146,74,61,17,34,92,19,32,97.96,SEVERE
Guindy,83,117,92,84,143,21,54,51,93,59,8,20,84.61,SEVERE
Guindy,15,95,101,184,152,23,2,46,60,88,30,22,80.71,SEVERE
Guindy,18,20,46,139,90,26,11,59,67,97,5,26,50.0,MODERATE
Guindy,20,41,96,53,139,74,52,37,56,96,19,52,93.7,SEVERE
Guindy,17,64,81,84,83,84,61,56,28,60,22,52,82.44,SEVERE
Guindy,43,98,72,63,242,11,28,13,37,63,6,47,100.0,SEVERE
Guindy,84,61,120,125,123,19,59,73,59,75,23,41,70.47,HIGH
Guindy,79,51,161,195,108,58,74,42,72,94,22,77,86.46,SEVERE
Guindy,78,42,37,76,109,68,50,40,20,81,14,70,79.78,SEVERE
Guindy,14,48,168,133,147,33,26,55,93,84,26,47,62.65,HIGH
Guindy,74,71,48,171,244,29,15,60,44,82,25,31,98.42,SEVERE
Guindy,42,105,86,92,232,72,61,76,78,91,28,42,100.0,SEVERE
Guindy,71,119,133,146,175,19,0,8,87,87,10,43,91.03,SEVERE
Guindy,43,54,135,178,79,49,99,70,79,84,2,87,70.86,HIGH
Guindy,82,45,37,162,151,11,27,79,47,55,23,63,82.82,SEVERE
Guindy,56,36,82,194,77,11,65,38,38,68,8,39,45.67,MODERATE
Guindy,63,111,44,105,112,59,53,70,88,86,8,13,75.02,SEVERE
Guindy,30,24,133,150,237,58,76,63,20,48,27,24,100.0,SEVERE
Guindy,26,34,36,129,187,72,90,53,76,52,13,34,100.0,SEVERE
Guindy,29,64,86,57,240,28,10,30,30,99,8,34,100.0,SEVERE
Guindy,11,71,68,64,118,33,42,79,43,82,27,14,83.37,SEVERE
Guindy,50,37,102,70,249,59,3,42,89,84,11,81,96.87,SEVERE
Guindy,22,112,138,138,193,32,7,68,92,42,3,54,71.67,HIGH
Guindy,85,47,77,196,131,30,8,67,89,44,28,22,58.0,HIGH
Guindy,44,105,136,74,176,84,66,22,29,67,17,38,99.88,SEVERE
Guindy,52,114,121,124,246,68,71,48,77,70,22,59,100.0,SEVERE
Guindy,33,89,39,140,239,64,26,50,46,65,9,59,100.0,SEVERE
Guindy,85,95,95,214,62,91,35,66,91,76,22,69,59.78,HIGH
Guindy,37,67,142,93,172,10,3,77,83,91,12,51,72.95,HIGH
Guindy,69,89,94,123,121,78,98,79,77,60,27,29,83.32,SEVERE
Guindy,42,29,46,116,170,11,84,13,94,56,14,22,90.35,SEVERE
Guindy,16,30,123,197,81,28,54,13,42,40,18,67,62.83,HIGH
Guindy,43,70,59,68,96,93,72,14,42,64,7,78,95.28,SEVERE
Guindy,11,46,119,187,127,33,24,5,21,65,22,11,77.22,SEVERE
Guindy,89,84,110,149,134,27,37,57,69,80,22,14,70.66,HIGH
Guindy,61,77,67,184,150,32,48,14,89,82,12,73,83.83,SEVERE
Guindy,62,22,137,189,178,27,74,30,75,77,5,17,86.89,SEVERE
Guindy,33,22,171,205,94,36,74,54,63,99,22,63,67.92,HIGH
Guindy,33,72,168,114,86,60,78,76,60,87,10,43,64.36,HIGH
Guindy,67,108,82,73,225,82,93,24,73,82,28,74,100.0,SEVERE
Guindy,16,39,163,193,62,41,24,29,67,70,17,44,46.41,MODERATE
Guindy,13,33,84,124,259,85,64,7,27,67,21,62,100.0,SEVERE
Guindy,49,79,40,190,168,28,31,31,22,96,28,80,100.0,SEVERE
Guindy,46,67,120,126,214,14,19,71,86,89,14,46,92.71,SEVERE
Guindy,68,54,104,70,159,71,57,46,88,54,11,59,78.86,SEVERE
Guindy,14,32,84,127,238,52,43,17,52,71,21,58,100.0,SEVERE
Guindy,22,35,124,195,236,36,7,52,22,77,14,77,89.27,SEVERE
Guindy,42,104,111,156,132,48,84,34,21,62,14,43,92.64,SEVERE
Guindy,35,62,39,116,124,12,25,25,30,85,4,56,76.71,SEVERE
Guindy,53,74,145,195,102,77,46,12,65,98,6,11,66.44,HIGH
Guindy,27,99,92,106,117,60,13,32,42,43,27,10,74.16,HIGH
Guindy,38,29,88,153,77,54,77,39,28,81,8,11,75.67,SEVERE
Guindy,12,97,121,204,156,47,84,11,47,87,11,80,100.0,SEVERE
Guindy,81,44,175,57,113,60,59,73,91,80,23,35,70.89,HIGH
Guindy,11,103,87,130,157,79,26,34,22,60,4,56,100.0,SEVERE
Guindy,82,117,42,137,165,42,83,34,24,72,8,38,92.57,SEVERE
Guindy,32,58,44,115,176,62,29,9,63,79,4,50,100.0,SEVERE
Guindy,61,91,138,178,108,81,34,33,79,59,4,67,69.68,HIGH
Guindy,21,83,63,144,161,75,97,19,28,73,33,22,100.0,SEVERE
Guindy,35,86,77,133,229,42,2,71,40,86,27,52,100.0,SEVERE
Guindy,64,62,158,183,212,24,63,26,25,60,5,18,100.0,SEVERE
Guindy,41,39,146,157,177,26,12,14,21,98,14,62,87.22,SEVERE
Guindy,35,68,102,55,213,58,37,46,75,40,23,78,89.04,SEVERE
Guindy,17,94,143,133,176,62,12,24,79,98,10,42,86.97,SEVERE
Guindy,30,25,69,158,129,93,89,72,74,82,18,89,83.99,SEVERE
Guindy,21,53,72,152,217,16,60,21,25,65,21,26,100.0,SEVERE
Guindy,37,119,155,113,175,70,46,35,44,48,2,36,100.0,SEVERE
Guindy,24,52,121,86,104,19,33,21,82,94,14,16,63.75,HIGH
Guindy,47,72,79,110,116,53,69,8,55,78,24,55,76.76,SEVERE
Guindy,40,76,81,124,84,39,14,21,51,70,33,12,52.93,MODERATE
Guindy,67,87,175,68,253,15,87,53,56,63,5,74,100.0,SEVERE
Guindy,68,115,163,122,200,32,79,50,53,77,11,59,100.0,SEVERE
Guindy,88,26,144,85,104,23,10,14,82,95,21,11,69.97,HIGH
Guindy,51,114,94,111,215,54,71,57,82,59,4,48,100.0,SEVERE
Guindy,31,94,155,187,221,93,66,32,52,84,9,58,100.0,SEVERE
Guindy,43,93,45,177,222,85,92,31,23,79,4,32,100.0,SEVERE
Guindy,58,95,58,184,177,45,46,43,61,60,9,23,90.09,SEVERE
Guindy,51,111,50,102,69,92,70,23,51,83,33,55,73.92,HIGH
Guindy,64,84,41,170,63,86,88,47,68,44,30,31,82.51,SEVERE
Guindy,85,69,108,143,118,60,96,33,77,86,30,67,95.7,SEVERE
Guindy,88,91,156,201,256,60,71,77,48,47,31,60,100.0,SEVERE
Guindy,12,67,73,98,253,56,14,32,38,94,11,38,100.0,SEVERE
Guindy,72,77,98,117,193,18,93,47,37,72,30,23,100.0,SEVERE
Guindy,74,76,141,181,238,40,70,23,83,97,11,54,100.0,SEVERE
Guindy,66,102,161,83,211,76,0,57,66,98,3,87,100.0,SEVERE
Guindy,40,96,179,103,256,63,19,49,80,43,4,10,100.0,SEVERE
Guindy,84,32,45,93,212,87,25,43,78,87,7,77,100.0,SEVERE
Guindy,52,59,163,196,163,73,39,60,26,94,19,57,99.29,SEVERE
Guindy,10,109,143,127,227,78,11,9,39,40,20,52,100.0,SEVERE
Guindy,83,117,120,50,139,71,74,23,81,98,18,40,88.4,SEVERE
Guindy,51,22,40,144,162,93,50,78,80,60,32,48,100.0,SEVERE
Kodambakkam,16,45,131,154,256,86,81,5,65,53,10,26,100.0,SEVERE
Kodambakkam,52,36,107,156,95,18,80,60,39,93,9,84,78.75,SEVERE
Kodambakkam,11,39,93,64,151,29,9,77,93,97,7,40,79.25,SEVERE
Kodambakkam,43,71,105,99,255,93,33,21,59,62,34,44,100.0,SEVERE
Kodambakkam,15,58,80,195,238,21,94,48,43,64,16,23,100.0,SEVERE
Kodambakkam,15,47,55,60,136,42,12,65,86,83,19,85,61.37,HIGH
Kodambakkam,11,90,48,163,216,28,61,27,49,71,10,73,100.0,SEVERE
Kodambakkam,75,42,100,218,139,19,28,76,76,88,10,77,78.38,SEVERE
Kodambakkam,80,40,171,157,206,74,16,60,35,56,5,24,100.0,SEVERE
Kodambakkam,40,67,138,147,167,81,49,62,88,80,3,31,82.71,SEVERE
Kodambakkam,32,53,46,89,216,10,83,30,80,55,29,55,90.49,SEVERE
Kodambakkam,73,47,87,57,250,64,98,47,31,60,16,21,100.0,SEVERE
Kodambakkam,55,78,137,165,72,55,77,65,64,93,21,40,60.53,HIGH
Kodambakkam,80,42,77,160,212,43,64,5,41,97,21,79,100.0,SEVERE
Kodambakkam,87,119,162,103,220,49,84,68,52,58,34,46,100.0,SEVERE
Kodambakkam,84,33,177,121,65,36,46,55,62,48,18,28,65.18,HIGH
Kodambakkam,74,35,122,121,127,70,24,62,50,45,28,78,99.14,SEVERE
Kodambakkam,21,53,85,179,130,71,30,50,35,73,4,68,72.08,HIGH
Kodambakkam,77,77,166,187,88,73,37,69,84,97,16,25,61.34,HIGH
Kodambakkam,89,78,86,126,94,58,42,64,21,95,4,43,66.54,HIGH
Kodambakkam,62,39,106,140,152,11,17,42,39,72,7,68,75.58,SEVERE
Kodambakkam,76,55,55,50,132,19,88,77,93,95,21,36,73.5,HIGH
Kodambakkam,77,63,90,167,134,40,22,10,22,64,34,30,67.72,HIGH
Kodambakkam,34,36,116,162,130,54,47,25,71,73,4,49,83.97,SEVERE
Kodambakkam,34,115,124,72,140,85,25,57,78,81,4,39,71.55,HIGH
Kodambakkam,80,20,113,216,235,61,99,35,65,72,3,13,100.0,SEVERE
Kodambakkam,38,82,118,137,255,76,94,54,93,76,19,75,100.0,SEVERE
Kodambakkam,82,89,165,171,245,33,18,19,38,52,16,25,100.0,SEVERE
Kodambakkam,73,33,109,162,201,18,73,7,37,59,30,25,100.0,SEVERE
Kodambakkam,86,50,48,87,213,26,64,33,77,76,21,72,100.0,SEVERE
Kodambakkam,52,82,154,131,134,81,95,47,27,57,17,66,100.0,SEVERE
Kodambakkam,12,66,136,217,88,84,0,19,83,87,34,58,61.39,HIGH
Kodambakkam,50,71,77,195,131,61,66,45,65,42,12,45,85.23,SEVERE
Kodambakkam,81,91,86,58,211,85,48,67,89,72,8,11,99.68,SEVERE
Kodambakkam,22,25,175,104,125,63,36,73,71,61,10,78,73.41,HIGH
Kodambakkam,37,22,165,90,229,70,23,61,26,63,13,62,100.0,SEVERE
Kodambakkam,48,93,58,172,70,17,72,16,77,47,6,84,60.06,HIGH
Kodambakkam,37,99,171,69,126,58,86,19,34,62,8,31,78.49,SEVERE
Kodambakkam,73,34,112,159,185,93,64,56,22,44,22,82,100.0,SEVERE
Kodambakkam,26,65,143,162,82,84,92,40,45,71,28,46,75.91,SEVERE
Kodambakkam,74,98,146,71,94,43,23,34,61,56,6,42,81.14,SEVERE
Kodambakkam,35,51,119,79,226,83,2,77,21,67,24,36,100.0,SEVERE
Kodambakkam,68,23,105,116,253,89,81,59,60,60,7,87,100.0,SEVERE
Kodambakkam,21,47,127,122,177,27,8,71,52,61,11,62,84.98,SEVERE
Kodambakkam,84,110,63,159,253,51,3,14,70,94,6,53,100.0,SEVERE
Kodambakkam,60,107,69,59,131,36,72,45,21,60,26,48,85.42,SEVERE
Kodambakkam,35,33,46,56,184,23,57,76,72,74,5,49,89.32,SEVERE
Kodambakkam,76,90,73,74,63,33,33,54,62,68,25,71,54.33,MODERATE
Kodambakkam,38,102,96,81,89,17,95,17,82,87,16,83,61.02,HIGH
Kodambakkam,49,49,41,192,234,55,7,66,42,72,23,21,98.56,SEVERE
Kodambakkam,86,115,96,122,141,39,54,31,66,62,22,85,77.22,SEVERE
Kodambakkam,52,31,68,184,143,56,77,14,55,42,18,27,89.96,SEVERE
Kodambakkam,26,21,54,86,105,72,88,69,91,93,17,41,72.14,HIGH
Kodambakkam,58,119,63,180,247,55,35,24,32,59,26,51,100.0,SEVERE
Kodambakkam,74,21,37,213,209,58,90,49,59,52,28,71,100.0,SEVERE
Kodambakkam,68,29,58,151,184,65,37,67,53,52,5,80,100.0,SEVERE
Kodambakkam,26,29,57,67,165,26,12,26,72,69,7,69,83.55,SEVERE
Kodambakkam,65,119,113,77,121,60,99,74,89,89,20,61,77.21,SEVERE
Kodambakkam,61,33,162,51,145,46,99,11,55,61,5,27,84.51,SEVERE
Kodambakkam,41,108,141,189,230,70,73,16,73,42,26,62,100.0,SEVERE
Kodambakkam,39,56,121,130,128,51,53,22,67,58,10,43,84.18,SEVERE
Kodambakkam,68,115,76,141,160,72,62,65,83,46,13,62,85.58,SEVERE
Kodambakkam,23,77,142,56,178,87,57,76,46,40,24,27,100.0,SEVERE
Kodambakkam,84,98,74,151,127,25,98,66,47,61,28,46,80.87,SEVERE
Kodambakkam,45,72,40,131,147,33,35,36,47,94,19,50,84.15,SEVERE
Kodambakkam,23,96,89,99,71,77,39,24,83,41,17,22,60.53,HIGH
Kodambakkam,24,114,99,219,113,74,8,13,21,93,24,69,96.31,SEVERE
Kodambakkam,67,70,113,162,153,12,7,42,62,83,20,25,62.8,HIGH
Kodambakkam,88,73,127,175,132,91,67,68,76,77,3,56,100.0,SEVERE
Kodambakkam,66,74,79,60,194,69,47,58,78,70,3,79,100.0,SEVERE
Kodambakkam,82,56,125,53,237,15,54,31,22,67,32,23,100.0,SEVERE
Kodambakkam,19,43,117,182,198,75,71,33,87,50,25,18,100.0,SEVERE
Kodambakkam,27,59,135,57,111,38,73,77,66,70,13,75,75.98,SEVERE
Kodambakkam,26,46,101,210,190,42,21,53,38,98,17,54,93.73,SEVERE
Kodambakkam,47,73,74,59,116,19,67,5,43,93,20,63,82.86,SEVERE
Kodambakkam,60,42,127,166,235,88,2,27,61,59,22,78,100.0,SEVERE
Kodambakkam,80,111,45,99,84,20,5,37,26,57,34,80,51.28,MODERATE
Kodambakkam,62,83,54,204,140,93,11,53,29,96,22,16,78.58,SEVERE
Kodambakkam,11,20,169,216,167,86,65,7,73,41,28,39,98.86,SEVERE
Kodambakkam,55,36,165,184,141,57,96,33,21,48,21,89,89.75,SEVERE
Kodambakkam,35,63,40,113,184,86,92,66,21,88,9,59,100.0,SEVERE
Kodambakkam,63,49,110,169,162,44,40,49,22,99,5,88,97.08,SEVERE
Kodambakkam,43,77,97,202,63,93,68,63,30,43,15,35,73.88,HIGH
Kodambakkam,44,96,43,176,79,66,38,36,40,64,30,74,64.28,HIGH
Kodambakkam,50,88,61,173,249,81,54,28,44,84,17,18,100.0,SEVERE
Kodambakkam,88,61,84,59,93,90,53,72,91,42,14,77,70.82,HIGH
Kodambakkam,55,90,171,200,185,59,36,13,73,40,25,49,85.03,SEVERE
Kodambakkam,54,77,105,113,77,12,72,73,24,59,22,66,58.69,HIGH
Kodambakkam,16,45,103,60,128,42,97,28,92,82,24,75,71.95,HIGH
Kodambakkam,43,72,176,56,155,28,20,62,35,87,34,72,87.13,SEVERE
Kodambakkam,44,75,147,121,93,94,90,54,72,96,17,21,63.79,HIGH
Kodambakkam,73,97,103,112,144,63,63,43,59,99,10,23,93.19,SEVERE
Kodambakkam,58,60,85,129,70,54,26,24,62,97,8,82,52.95,MODERATE
Kodambakkam,40,119,130,163,172,48,52,68,79,41,24,76,74.96,HIGH
Kodambakkam,36,87,131,113,141,41,4,7,26,65,18,42,73.61,HIGH
Kodambakkam,41,44,78,149,121,37,67,67,35,46,9,56,81.83,SEVERE
Kodambakkam,13,72,178,143,244,64,3,37,77,70,8,24,95.04,SEVERE
Kodambakkam,55,57,84,163,61,46,37,63,74,65,10,28,46.3,MODERATE
Kodambakkam,70,24,38,141,104,80,75,62,54,66,16,25,93.44,SEVERE
Kodambakkam,30,25,116,117,219,82,95,34,87,47,14,31,100.0,SEVERE
Kodambakkam,39,35,148,161,230,47,14,30,66,54,4,75,100.0,SEVERE
Kodambakkam,54,93,35,124,110,17,3,38,60,70,27,46,63.92,HIGH
Kodambakkam,62,111,67,183,199,59,0,45,84,78,2,33,86.18,SEVERE
Kodambakkam,45,105,150,95,98,86,58,68,89,65,3,82,86.39,SEVERE
Kodambakkam,52,22,77,109,150,58,83,31,75,96,26,30,91.28,SEVERE
Kodambakkam,48,83,77,50,227,71,12,33,39,98,33,65,100.0,SEVERE
Kodambakkam,29,29,149,64,195,90,30,56,85,65,16,26,100.0,SEVERE
Kodambakkam,63,40,111,170,75,74,20,27,51,70,32,27,62.45,HIGH
Kodambakkam,78,116,100,167,243,81,68,45,93,54,13,67,100.0,SEVERE
Kodambakkam,78,37,151,120,232,63,15,60,24,54,31,80,100.0,SEVERE
Kodambakkam,17,47,175,83,188,78,88,31,72,69,5,27,100.0,SEVERE
Kodambakkam,51,98,135,107,118,90,97,7,79,47,30,57,83.96,SEVERE
Kodambakkam,58,45,152,144,169,37,1,46,45,79,14,87,72.4,HIGH
Kodambakkam,66,84,124,148,246,36,43,23,62,99,22,26,100.0,SEVERE
Kodambakkam,45,34,93,186,175,25,15,77,53,81,13,17,90.83,SEVERE
Kodambakkam,36,80,98,107,111,32,25,58,45,84,12,36,67.54,HIGH
Kodambakkam,42,46,138,61,151,60,67,13,20,56,5,50,100.0,SEVERE
Kodambakkam,46,41,41,169,111,56,68,67,33,74,32,48,80.98,SEVERE
Kodambakkam,73,99,80,83,118,30,74,68,23,84,26,59,78.15,SEVERE
Kodambakkam,65,32,165,134,78,73,74,39,43,41,31,24,68.06,HIGH
Kodambakkam,64,89,159,55,258,13,99,24,83,45,17,53,100.0,SEVERE
Kodambakkam,12,84,42,182,67,92,53,76,29,56,17,12,60.33,HIGH
Kodambakkam,68,90,47,60,191,40,79,27,47,53,10,66,100.0,SEVERE
Kodambakkam,16,73,101,204,144,18,69,16,88,63,27,62,92.05,SEVERE
Kodambakkam,24,27,146,212,232,35,35,31,72,77,28,85,100.0,SEVERE
Kodambakkam,50,115,86,81,135,62,95,67,21,70,7,38,86.75,SEVERE
Kodambakkam,22,34,135,119,146,84,92,72,78,98,25,80,100.0,SEVERE
Kodambakkam,75,112,80,122,174,65,67,34,84,88,33,56,100.0,SEVERE
Kodambakkam,16,39,76,81,204,47,21,5,36,81,28,33,100.0,SEVERE
Kodambakkam,72,27,150,79,111,62,5,27,30,52,27,28,60.45,HIGH
Kodambakkam,16,82,176,78,205,40,7,56,35,70,18,57,98.31,SEVERE
Kodambakkam,68,113,36,120,236,34,44,72,92,79,24,59,100.0,SEVERE
Kodambakkam,12,25,122,192,222,67,37,31,51,55,15,18,97.82,SEVERE
Kodambakkam,66,34,76,94,116,68,89,58,56,49,6,75,86.68,SEVERE
Kodambakkam,56,104,153,64,139,13,38,52,35,49,18,51,73.42,HIGH
Kodambakkam,29,97,133,202,222,81,51,76,51,94,14,45,100.0,SEVERE
Kodambakkam,21,109,100,207,139,92,60,62,76,52,28,85,82.51,SEVERE
Kodambakkam,77,86,104,195,97,57,81,75,40,45,13,79,83.72,SEVERE
Kodambakkam,19,53,84,73,158,50,19,22,69,97,34,54,88.4,SEVERE
Kodambakkam,86,47,93,54,220,75,2,57,50,72,9,75,100.0,SEVERE
Kodambakkam,21,78,79,214,171,71,8,55,27,61,9,10,99.53,SEVERE
Kodambakkam,51,96,60,170,119,38,57,51,69,51,21,31,79.78,SEVERE
Kodambakkam,18,61,98,91,217,51,71,34,87,83,12,86,100.0,SEVERE
Kodambakkam,11,79,135,112,88,57,80,28,54,40,25,79,73.64,HIGH
Kodambakkam,13,69,171,64,102,81,56,17,21,64,21,77,92.89,SEVERE
Kodambakkam,43,113,147,85,196,70,23,78,42,72,18,65,100.0,SEVERE
Kodambakkam,40,95,173,204,210,69,76,75,20,75,3,56,100.0,SEVERE
Kodambakkam,81,90,117,199,79,64,15,22,33,72,22,70,76.12,SEVERE
Kodambakkam,39,35,40,71,149,45,85,14,39,98,2,43,100.0,SEVERE
Kodambakkam,87,42,88,126,219,93,9,41,76,40,28,29,94.89,SEVERE
Kodambakkam,60,118,122,85,198,62,31,10,68,74,27,20,95.24,SEVERE
Kodambakkam,81,113,65,79,175,49,23,12,30,60,26,15,90.19,SEVERE
Kodambakkam,79,119,98,57,62,83,44,10,82,71,13,46,68.33,HIGH
Kodambakkam,73,39,141,80,150,73,3,59,36,81,18,12,83.06,SEVERE
Kodambakkam,86,103,62,152,132,61,55,27,68,55,31,85,100.0,SEVERE
Kodambakkam,84,32,142,209,105,59,79,30,37,63,13,68,84.82,SEVERE
Kodambakkam,85,77,169,170,237,26,93,75,23,61,15,43,100.0,SEVERE
Kodambakkam,27,80,176,124,245,65,92,72,21,88,8,75,100.0,SEVERE
Kodambakkam,15,61,78,144,76,13,43,62,43,59,7,32,53.84,MODERATE
Kodambakkam,37,48,133,107,210,61,64,48,89,55,34,26,99.42,SEVERE
Kodambakkam,81,29,121,137,104,54,68,48,58,93,9,59,66.65,HIGH
Kodambakkam,30,107,126,86,211,30,26,30,71,63,20,54,89.44,SEVERE
Kodambakkam,34,42,168,114,140,67,78,56,61,98,31,26,90.63,SEVERE
Kodambakkam,76,116,136,167,106,60,18,45,34,44,33,81,73.32,HIGH
Kodambakkam,29,77,143,141,116,43,84,24,92,85,31,50,74.06,HIGH
Kodambakkam,52,59,51,207,254,41,66,35,57,77,15,74,100.0,SEVERE
Kodambakkam,88,105,41,69,185,88,84,72,31,71,25,59,100.0,SEVERE
Kodambakkam,46,64,171,84,125,11,15,78,83,55,25,57,56.49,HIGH
Kodambakkam,89,57,138,117,194,38,84,52,41,97,25,44,100.0,SEVERE
Kodambakkam,70,86,155,153,106,30,7,9,74,91,7,55,67.89,HIGH
Kodambakkam,73,101,172,102,249,76,33,29,28,95,8,31,100.0,SEVERE
Kodambakkam,74,89,57,77,64,90,43,54,31,53,19,26,66.59,HIGH
Kodambakkam,34,80,167,201,61,19,98,74,44,71,20,63,45.92,MODERATE
Kodambakkam,81,25,39,212,95,94,28,32,22,96,13,23,84.37,SEVERE
Kodambakkam,73,27,107,116,67,14,51,34,29,48,28,68,67.33,HIGH
Kodambakkam,15,88,144,84,167,75,60,23,69,85,2,55,100.0,SEVERE
Kodambakkam,13,28,143,190,143,89,92,54,63,97,22,84,100.0,SEVERE
Kodambakkam,62,93,153,109,232,51,38,16,44,98,25,68,100.0,SEVERE
Kodambakkam,62,57,157,121,230,73,77,74,79,59,19,47,100.0,SEVERE
Kodambakkam,44,59,50,135,175,18,63,17,30,64,14,83,100.0,SEVERE
Kodambakkam,68,44,177,176,249,90,10,39,75,40,16,65,100.0,SEVERE
Kodambakkam,79,87,41,97,247,10,10,30,94,82,6,41,87.65,SEVERE
Kodambakkam,56,66,145,177,226,20,45,56,51,80,22,39,97.7,SEVERE
Kodambakkam,76,109,78,103,124,12,16,28,94,52,18,53,62.22,HIGH
Kodambakkam,17,107,142,101,213,46,97,7,22,72,32,15,100.0,SEVERE
Kodambakkam,48,106,144,86,230,69,1,47,69,88,27,48,100.0,SEVERE
Kodambakkam,17,83,174,63,200,59,17,20,41,81,11,76,100.0,SEVERE
Kodambakkam,17,60,94,174,155,23,21,47,45,80,32,38,68.66,HIGH
Kodambakkam,26,71,79,156,208,21,18,6,20,43,25,82,99.86,SEVERE
Kodambakkam,68,100,142,83,164,54,64,64,28,80,29,19,97.26,SEVERE
Kodambakkam,74,37,136,203,159,51,42,32,48,73,31,88,100.0,SEVERE
Kodambakkam,34,95,114,106,122,19,33,36,51,72,11,26,65.37,HIGH
Kodambakkam,30,83,113,147,104,71,19,67,51,64,14,43,85.25,SEVERE
Kodambakkam,20,76,73,68,227,36,59,17,45,63,6,87,100.0,SEVERE
Kodambakkam,55,62,119,146,76,66,11,37,47,66,4,66,58.63,HIGH
Kodambakkam,10,74,131,143,204,74,87,78,86,87,16,50,100.0,SEVERE
Kodambakkam,64,78,110,191,197,89,97,66,42,51,11,67,100.0,SEVERE
Kodambakkam,64,88,173,166,88,52,35,52,67,57,11,17,49.29,MODERATE
Kodambakkam,62,114,169,195,95,38,5,12,37,56,2,77,59.71,HIGH
Kodambakkam,62,116,56,108,121,56,52,64,62,54,20,87,74.22,HIGH
Madipakkam,24,20,65,54,150,84,44,53,84,85,23,72,89.37,SEVERE
Madipakkam,41,99,94,209,97,24,71,62,70,58,2,35,66.81,HIGH
Madipakkam,83,106,147,53,85,46,62,56,42,46,12,73,60.51,HIGH
Madipakkam,57,29,175,76,113,92,50,19,57,44,12,86,84.86,SEVERE
Madipakkam,53,85,136,143,66,88,47,54,61,79,13,77,72.06,HIGH
Madipakkam,56,70,38,116,69,52,68,44,76,61,12,45,58.14,HIGH
Madipakkam,74,61,149,54,90,34,38,22,58,87,17,45,61.52,HIGH
Madipakkam,74,101,50,53,226,24,57,67,79,73,14,71,100.0,SEVERE
Madipakkam,51,114,146,60,118,77,11,58,45,52,19,84,82.21,SEVERE
Madipakkam,10,108,165,152,185,54,1,16,30,94,3,54,97.82,SEVERE
Madipakkam,83,21,159,182,218,23,88,49,50,80,13,32,100.0,SEVERE
Madipakkam,58,44,70,210,162,83,33,26,41,71,27,50,88.03,SEVERE
Madipakkam,55,59,36,145,184,88,23,17,94,73,2,18,75.23,SEVERE
Madipakkam,29,56,141,214,158,45,36,15,23,90,3,75,92.08,SEVERE
Madipakkam,86,94,140,95,179,64,42,7,88,51,34,84,85.97,SEVERE
Madipakkam,60,43,152,68,109,90,74,13,30,55,4,24,88.95,SEVERE
Madipakkam,32,51,175,215,229,39,52,42,84,84,31,54,92.75,SEVERE
Madipakkam,69,86,83,153,131,65,25,64,62,82,9,73,78.59,SEVERE
Madipakkam,38,87,161,175,154,35,90,70,87,58,16,29,98.29,SEVERE
Madipakkam,23,44,115,120,151,41,67,72,88,67,29,65,85.12,SEVERE
Madipakkam,38,82,139,210,249,78,50,35,53,97,8,51,100.0,SEVERE
Madipakkam,60,46,75,155,61,23,45,48,28,61,12,52,56.1,HIGH
Madipakkam,52,104,119,111,156,21,23,37,64,69,33,60,80.07,SEVERE
Madipakkam,56,24,90,198,131,48,22,10,43,86,34,62,79.31,SEVERE
Madipakkam,62,62,43,119,232,55,76,8,35,57,13,89,100.0,SEVERE
Madipakkam,61,61,175,87,66,73,65,24,85,49,10,22,66.55,HIGH
Madipakkam,66,84,159,61,184,19,95,52,76,74,14,64,91.29,SEVERE
Madipakkam,79,92,47,209,96,61,12,19,68,80,24,37,67.73,HIGH
Madipakkam,78,50,124,203,111,44,82,69,37,70,12,51,81.89,SEVERE
Madipakkam,83,83,101,68,74,50,64,24,75,63,2,52,61.82,HIGH
Madipakkam,20,48,109,218,103,14,19,28,35,59,33,40,52.9,MODERATE
Madipakkam,20,44,95,128,62,64,30,29,65,96,30,88,68.5,HIGH
Madipakkam,27,54,78,85,90,25,65,41,22,73,29,44,68.19,HIGH
Madipakkam,40,47,169,218,128,88,85,10,56,79,15,46,97.93,SEVERE
Madipakkam,33,79,70,201,76,15,3,31,65,99,17,24,46.95,MODERATE
Madipakkam,47,92,40,182,105,67,81,63,70,81,8,20,64.85,HIGH
Madipakkam,59,97,79,197,149,30,73,14,50,86,27,30,89.95,SEVERE
Madipakkam,17,102,148,136,174,37,19,5,70,42,5,73,71.2,HIGH
Madipakkam,27,34,102,110,166,24,23,13,51,56,9,53,91.08,SEVERE
Madipakkam,65,54,84,131,87,45,58,14,62,42,21,12,50.81,MODERATE
Madipakkam,59,91,102,72,137,76,9,58,48,40,24,12,67.28,HIGH
Madipakkam,56,25,48,140,258,13,46,65,41,69,29,68,100.0,SEVERE
Madipakkam,64,70,98,207,234,94,67,31,28,47,33,39,100.0,SEVERE
Madipakkam,11,73,120,114,208,50,95,62,25,56,26,52,100.0,SEVERE
Madipakkam,13,98,148,158,140,10,72,54,70,50,26,67,85.93,SEVERE
Madipakkam,68,60,136,167,215,82,0,63,79,72,19,67,97.05,SEVERE
Madipakkam,74,98,65,190,125,21,87,22,35,56,18,23,78.12,SEVERE
Madipakkam,27,39,167,151,62,18,81,25,31,79,29,41,58.29,HIGH
Madipakkam,18,99,168,217,80,58,62,10,91,46,10,87,66.79,HIGH
Madipakkam,49,95,46,164,73,25,50,38,31,87,11,79,57.15,HIGH
Madipakkam,33,79,93,76,174,91,13,23,55,83,6,28,83.43,SEVERE
Madipakkam,16,85,96,105,232,79,80,71,37,91,7,36,100.0,SEVERE
Madipakkam,56,75,89,150,155,50,58,50,44,48,11,42,88.65,SEVERE
Madipakkam,86,48,142,71,254,28,39,63,35,72,27,11,100.0,SEVERE
Madipakkam,31,110,169,199,259,79,38,79,45,75,2,87,100.0,SEVERE
Madipakkam,38,51,110,196,169,77,21,63,74,93,3,40,89.19,SEVERE
Madipakkam,70,84,144,175,258,84,58,70,23,83,19,86,100.0,SEVERE
Madipakkam,67,115,37,60,192,57,54,11,62,74,30,41,100.0,SEVERE
Madipakkam,55,84,75,174,247,24,57,57,21,50,15,20,100.0,SEVERE
Madipakkam,81,79,82,182,63,60,68,65,36,75,27,73,54.66,MODERATE
Madipakkam,31,59,62,75,111,21,73,49,49,72,21,24,70.74,HIGH
Madipakkam,10,115,174,93,124,27,56,21,79,63,33,78,61.14,HIGH
Madipakkam,11,26,108,130,139,17,83,35,55,64,18,61,88.24,SEVERE
Madipakkam,23,107,76,52,67,75,38,6,80,58,34,80,68.91,HIGH
Madipakkam,58,37,84,133,89,71,27,75,80,78,5,11,38.18,MODERATE
Madipakkam,66,24,73,151,225,76,53,7,42,87,4,66,100.0,SEVERE
Madipakkam,27,44,63,116,164,20,56,22,62,58,33,35,76.16,SEVERE
Madipakkam,16,38,95,203,95,76,69,30,45,96,25,29,78.79,SEVERE
Madipakkam,16,101,160,125,200,29,85,32,40,70,10,59,100.0,SEVERE
Madipakkam,72,63,175,94,200,55,94,21,34,92,31,69,100.0,SEVERE
Madipakkam,63,94,75,51,74,39,68,38,66,68,10,69,75.21,SEVERE
Madipakkam,76,57,137,109,234,61,83,26,21,48,19,86,100.0,SEVERE
Madipakkam,47,115,171,87,232,11,59,37,42,96,23,21,100.0,SEVERE
Madipakkam,34,26,73,180,234,76,49,57,90,43,31,67,100.0,SEVERE
Madipakkam,45,35,68,100,61,52,47,29,33,98,24,47,47.79,MODERATE
Madipakkam,27,87,146,160,173,10,63,51,50,54,34,40,100.0,SEVERE
Madipakkam,48,75,129,112,90,24,93,42,51,59,25,83,67.12,HIGH
Madipakkam,48,106,159,116,252,80,84,9,29,57,27,16,100.0,SEVERE
Madipakkam,25,111,139,171,118,63,77,44,84,74,12,61,69.67,HIGH
Madipakkam,49,79,176,177,160,33,90,78,25,41,5,40,94.2,SEVERE
Madipakkam,83,38,155,74,217,41,4,37,81,96,5,76,100.0,SEVERE
Madipakkam,18,117,149,159,205,84,14,23,22,69,18,12,100.0,SEVERE
Madipakkam,73,90,153,70,234,56,86,57,69,41,24,45,100.0,SEVERE
Madipakkam,15,108,44,100,103,92,15,68,36,79,4,41,80.55,SEVERE
Madipakkam,79,101,110,101,112,94,60,73,52,69,29,67,83.59,SEVERE
Madipakkam,27,96,39,190,245,11,63,10,47,60,19,83,100.0,SEVERE
Madipakkam,17,108,80,128,78,34,55,72,44,73,30,38,66.98,HIGH
Madipakkam,82,31,66,73,201,41,70,50,21,58,2,15,100.0,SEVERE
Madipakkam,17,60,100,218,192,43,47,11,48,74,2,83,100.0,SEVERE
Madipakkam,32,103,88,207,164,64,20,79,34,41,16,76,100.0,SEVERE
Madipakkam,54,111,106,131,96,76,31,19,47,76,10,38,82.0,SEVERE
Madipakkam,67,87,55,109,189,28,6,29,70,79,6,64,100.0,SEVERE
Madipakkam,55,32,85,189,146,68,74,7,89,60,28,47,100.0,SEVERE
Madipakkam,78,31,164,85,236,12,1,11,61,55,21,75,95.19,SEVERE
Madipakkam,69,62,169,162,66,56,38,14,91,53,4,27,56.23,HIGH
Madipakkam,75,66,51,115,99,57,26,77,48,58,34,51,72.74,HIGH
Madipakkam,30,91,118,174,248,71,34,20,59,66,12,74,100.0,SEVERE
Madipakkam,64,118,36,112,207,52,79,40,24,66,15,77,100.0,SEVERE
Madipakkam,21,76,179,155,223,82,60,50,38,97,27,79,100.0,SEVERE
Madipakkam,21,105,103,212,198,31,35,50,49,56,8,61,87.88,SEVERE
Madipakkam,13,93,39,121,84,59,3,6,50,81,5,49,63.25,HIGH
Madipakkam,70,51,171,74,181,47,3,75,72,53,3,64,81.75,SEVERE
Madipakkam,88,91,102,90,114,48,5,32,36,46,6,37,48.05,MODERATE
Madipakkam,65,72,62,215,206,49,4,73,75,67,7,18,87.02,SEVERE
Madipakkam,26,60,41,105,234,83,0,55,94,74,14,49,100.0,SEVERE
Madipakkam,84,81,97,71,241,23,72,27,40,50,14,64,100.0,SEVERE
Madipakkam,31,36,93,203,252,94,11,41,23,69,21,71,100.0,SEVERE
Madipakkam,46,62,125,66,182,44,73,78,37,85,6,88,97.6,SEVERE
Madipakkam,72,80,90,178,155,66,61,39,28,57,32,51,99.41,SEVERE
Madipakkam,66,68,66,74,139,58,28,23,40,57,26,49,75.75,SEVERE
Madipakkam,53,116,143,125,121,39,2,7,78,90,33,60,74.21,HIGH
Madipakkam,30,44,69,176,61,90,77,33,72,48,16,18,66.91,HIGH
Madipakkam,73,94,164,216,252,94,1,63,74,49,6,88,100.0,SEVERE
Madipakkam,15,53,35,166,136,14,97,66,87,99,2,72,78.7,SEVERE
Madipakkam,31,59,169,61,188,77,79,49,77,94,27,19,100.0,SEVERE
Madipakkam,37,56,66,166,82,76,65,77,20,57,31,49,77.44,SEVERE
Madipakkam,87,57,62,150,155,50,94,32,49,77,7,76,100.0,SEVERE
Madipakkam,10,54,119,169,239,76,32,66,34,52,13,53,100.0,SEVERE
Madipakkam,31,59,122,123,140,93,43,13,74,82,9,78,91.46,SEVERE
Madipakkam,23,91,66,129,206,82,48,73,42,92,10,15,100.0,SEVERE
Madipakkam,84,112,49,155,200,61,1,8,70,91,7,13,100.0,SEVERE
Madipakkam,88,112,115,211,105,94,44,40,23,50,8,49,89.42,SEVERE
Madipakkam,58,107,45,145,252,44,18,10,90,64,5,79,100.0,SEVERE
Madipakkam,16,28,66,77,166,43,76,12,74,96,6,62,92.64,SEVERE
Madipakkam,33,98,161,112,81,30,84,47,52,40,27,47,50.37,MODERATE
Madipakkam,54,112,116,108,244,64,76,22,70,73,5,30,100.0,SEVERE
Madipakkam,71,37,66,210,144,85,80,30,91,86,6,17,81.4,SEVERE
Madipakkam,21,48,97,73,126,67,97,40,76,71,17,51,96.45,SEVERE
Madipakkam,51,25,161,152,69,63,43,8,93,62,2,59,62.1,HIGH
Madipakkam,22,102,95,121,220,56,0,48,68,58,7,14,96.08,SEVERE
Madipakkam,56,103,86,84,202,63,1,48,20,63,12,76,97.07,SEVERE
Madipakkam,68,22,44,182,145,53,69,31,71,83,9,64,97.97,SEVERE
Madipakkam,72,118,44,160,173,61,78,10,75,56,7,45,99.81,SEVERE
Madipakkam,55,71,39,179,67,32,39,57,50,88,32,71,59.71,HIGH
Madipakkam,26,108,176,64,79,69,14,77,60,74,30,27,68.45,HIGH
Madipakkam,11,37,56,107,85,24,85,39,46,65,34,49,75.48,SEVERE
Madipakkam,12,67,143,137,233,85,33,66,38,54,34,11,100.0,SEVERE
Madipakkam,43,104,71,143,85,27,17,60,35,80,13,55,72.1,HIGH
Madipakkam,10,98,173,163,97,66,63,54,52,71,23,47,71.85,HIGH
Madipakkam,34,81,144,133,203,20,38,57,87,78,23,37,100.0,SEVERE
Madipakkam,14,44,123,213,159,83,77,47,80,64,16,68,96.89,SEVERE
Madipakkam,44,117,44,59,155,12,34,47,50,52,11,58,74.32,HIGH
Madipakkam,53,33,70,124,109,68,36,67,40,69,25,26,63.75,HIGH
Madipakkam,61,65,170,181,98,57,90,25,60,85,11,51,73.6,HIGH
Madipakkam,24,76,60,211,164,69,39,27,56,82,15,32,97.72,SEVERE
Madipakkam,64,72,71,92,135,39,20,75,44,55,22,74,81.75,SEVERE
Madipakkam,17,73,44,73,178,27,3,18,77,75,14,87,83.69,SEVERE
Madipakkam,37,22,50,96,97,23,38,78,35,54,34,26,56.22,HIGH
Madipakkam,84,75,121,88,174,66,98,12,31,41,28,16,94.31,SEVERE
Madipakkam,33,117,139,143,237,74,63,29,93,83,33,87,100.0,SEVERE
Madipakkam,85,119,52,158,180,73,97,23,93,78,4,50,99.54,SEVERE
Madipakkam,71,110,122,117,145,90,15,71,51,75,24,16,84.12,SEVERE
Madipakkam,72,27,123,68,213,93,41,20,53,81,26,60,100.0,SEVERE
Madipakkam,27,40,169,148,232,63,45,47,71,51,17,67,99.78,SEVERE
Madipakkam,22,79,69,124,86,31,1,65,54,50,19,84,53.51,MODERATE
Madipakkam,42,56,80,101,243,21,85,73,83,77,30,12,100.0,SEVERE
Madipakkam,86,28,169,147,80,53,3,11,59,88,5,30,63.93,HIGH
Madipakkam,10,83,107,213,120,51,8,73,82,61,17,78,51.61,MODERATE
Madipakkam,29,90,65,65,93,93,87,76,40,66,18,51,71.34,HIGH
Madipakkam,13,47,77,164,239,69,43,44,58,48,33,83,100.0,SEVERE
Madipakkam,23,82,39,67,189,22,6,6,72,61,11,61,83.28,SEVERE
Madipakkam,48,87,125,164,102,21,53,9,54,77,29,62,64.25,HIGH
Madipakkam,45,44,132,187,124,16,1,52,69,47,2,62,57.18,HIGH
Madipakkam,30,91,142,58,77,57,60,15,31,80,17,19,65.5,HIGH
Madipakkam,28,91,67,60,251,29,51,66,94,88,13,78,100.0,SEVERE
Madipakkam,25,72,164,181,259,21,75,59,54,45,5,83,100.0,SEVERE
Madipakkam,85,69,65,132,105,25,81,30,71,83,20,53,73.27,HIGH
Madipakkam,70,39,68,167,256,43,82,18,62,96,16,50,100.0,SEVERE
Madipakkam,56,118,64,112,189,90,23,57,85,77,16,28,89.72,SEVERE
Madipakkam,22,63,55,51,198,16,14,49,89,83,3,23,87.65,SEVERE
Madipakkam,41,114,163,176,209,76,14,57,90,53,2,38,89.18,SEVERE
Madipakkam,45,86,177,184,209,92,68,22,74,59,12,61,100.0,SEVERE
Madipakkam,89,77,132,187,186,61,79,27,82,83,8,21,100.0,SEVERE
Madipakkam,89,30,164,196,213,52,50,37,22,70,9,26,100.0,SEVERE
Madipakkam,13,104,163,186,120,23,50,55,21,91,16,75,86.22,SEVERE
Madipakkam,46,24,137,208,168,43,63,32,46,85,21,31,84.12,SEVERE
Madipakkam,52,27,159,175,113,92,95,79,48,95,28,79,92.31,SEVERE
Madipakkam,28,116,107,207,170,55,7,35,61,46,7,57,95.98,SEVERE
Madipakkam,46,60,52,119,168,58,27,7,90,97,31,33,89.38,SEVERE
Madipakkam,82,20,103,195,205,83,49,12,20,49,3,45,100.0,SEVERE
Madipakkam,43,93,132,59,240,56,34,33,83,67,10,43,100.0,SEVERE
Madipakkam,35,42,85,61,182,19,21,78,20,56,18,34,87.18,SEVERE
Madipakkam,43,95,120,207,199,77,43,50,63,88,18,42,97.77,SEVERE
Madipakkam,44,99,133,50,190,51,23,24,67,45,22,77,92.61,SEVERE
Madipakkam,14,93,157,217,65,50,4,32,43,76,31,74,71.15,HIGH
Madipakkam,31,45,86,153,207,89,70,27,33,62,28,89,100.0,SEVERE
Madipakkam,10,27,127,150,188,12,43,18,45,77,11,62,95.13,SEVERE
Madipakkam,46,58,53,147,258,64,74,65,22,87,10,63,100.0,SEVERE
Madipakkam,43,103,124,72,107,91,91,71,48,59,28,11,73.62,HIGH
Madipakkam,60,63,176,177,70,54,85,10,75,54,18,80,73.49,HIGH
Madipakkam,11,93,169,99,247,48,5,44,93,55,33,62,98.9,SEVERE
Madipakkam,42,28,161,113,173,73,8,59,47,72,17,72,100.0,SEVERE
Madipakkam,42,31,70,161,223,68,31,66,50,50,26,51,100.0,SEVERE
Madipakkam,67,42,52,137,70,64,43,21,64,62,14,27,58.72,HIGH
Madipakkam,59,43,155,70,117,12,84,8,60,51,9,58,72.68,HIGH
Madipakkam,22,48,171,59,95,44,32,8,60,76,7,65,78.54,SEVERE
Madipakkam,30,42,63,197,160,68,20,9,22,66,12,71,100.0,SEVERE
Madipakkam,44,58,132,157,190,14,33,77,45,50,8,12,84.91,SEVERE
Madipakkam,57,59,48,200,208,79,93,73,72,72,25,45,100.0,SEVERE
Madipakkam,47,24,157,204,143,52,84,39,71,70,10,73,97.29,SEVERE
Adyar,65,90,173,170,64,82,41,5,63,50,15,47,70.12,HIGH
Adyar,50,116,102,151,222,28,90,18,94,78,19,26,100.0,SEVERE
Adyar,88,103,105,116,137,42,1,7,76,55,15,65,49.13,MODERATE
Adyar,70,35,103,67,166,18,94,54,38,76,13,51,96.48,SEVERE
Adyar,18,35,119,135,118,15,42,74,73,43,32,43,61.11,HIGH
Adyar,34,98,82,78,78,88,81,8,89,89,13,62,67.92,HIGH
Adyar,38,55,56,190,194,83,52,18,40,61,33,28,100.0,SEVERE
Adyar,38,42,121,197,108,73,56,63,77,42,2,83,86.54,SEVERE
Adyar,70,70,35,51,193,86,34,45,90,89,19,62,96.9,SEVERE
Adyar,43,89,82,206,78,29,34,20,64,82,31,50,80.35,SEVERE
Adyar,10,90,38,143,259,76,50,28,82,91,14,18,100.0,SEVERE
Adyar,84,109,68,92,259,37,45,27,49,73,11,43,100.0,SEVERE
Adyar,72,109,106,84,188,55,55,49,73,42,5,17,89.23,SEVERE
Adyar,68,86,136,55,102,77,46,43,76,44,28,64,84.12,SEVERE
Adyar,15,40,70,199,82,34,13,26,20,56,25,71,56.67,HIGH
Adyar,59,110,151,88,177,76,30,47,50,58,8,12,100.0,SEVERE
Adyar,62,44,37,157,99,56,97,5,63,99,13,75,69.25,HIGH
Adyar,34,88,124,131,98,73,21,15,25,66,5,36,94.15,SEVERE
Adyar,72,65,115,74,82,93,61,6,62,40,4,39,97.17,SEVERE
Adyar,73,37,62,140,233,71,66,12,85,99,21,36,100.0,SEVERE
Adyar,84,31,109,170,129,81,6,12,79,47,15,32,71.79,HIGH
Adyar,38,118,88,151,257,61,75,76,66,89,18,75,100.0,SEVERE
Adyar,54,53,92,99,158,39,62,32,56,48,14,38,94.86,SEVERE
Adyar,11,50,140,78,92,41,35,41,22,83,9,66,81.6,SEVERE
Adyar,47,23,136,101,136,23,36,34,36,98,11,24,65.15,HIGH
Adyar,46,92,46,136,64,13,9,17,46,96,31,18,47.5,MODERATE
Adyar,54,99,105,95,165,71,68,17,90,57,29,34,78.48,SEVERE
Adyar,57,41,35,71,93,88,17,17,82,92,8,62,61.38,HIGH
Adyar,34,95,162,173,240,19,65,79,60,96,13,81,100.0,SEVERE
Adyar,66,72,80,141,252,11,20,42,45,77,13,62,97.43,SEVERE
Adyar,65,67,138,158,125,46,96,77,22,82,18,10,86.41,SEVERE
Adyar,35,89,152,120,221,81,44,17,69,40,31,41,100.0,SEVERE
Adyar,47,117,150,200,78,51,95,65,54,44,11,55,66.94,HIGH
Adyar,17,59,74,213,93,28,29,12,68,71,20,82,66.89,HIGH
Adyar,40,100,111,78,197,73,24,46,62,50,2,67,100.0,SEVERE
Adyar,40,71,177,88,190,21,6,76,29,79,18,74,96.01,SEVERE
Adyar,81,102,139,77,93,52,65,55,79,46,7,21,65.29,HIGH
Adyar,19,106,78,162,210,13,86,77,91,48,14,28,100.0,SEVERE
Adyar,71,97,96,209,244,78,81,53,27,57,27,36,100.0,SEVERE
Adyar,49,106,76,111,128,41,43,27,81,59,16,78,77.0,SEVERE
Adyar,10,63,129,210,86,56,28,38,53,58,2,15,53.11,MODERATE
Adyar,36,29,42,71,135,23,23,27,41,40,5,86,91.23,SEVERE
Adyar,32,58,166,199,214,19,49,41,67,90,12,54,100.0,SEVERE
Adyar,35,93,98,165,198,40,95,8,87,40,14,76,94.95,SEVERE
Adyar,80,33,132,138,101,88,76,5,26,43,15,43,80.57,SEVERE
Adyar,11,67,148,202,118,13,15,30,53,61,4,37,54.68,MODERATE
Adyar,16,99,95,104,241,73,13,15,20,73,13,40,100.0,SEVERE
Adyar,10,30,149,212,227,87,46,66,86,93,6,21,100.0,SEVERE
Adyar,86,51,155,200,253,26,24,21,75,81,15,17,98.32,SEVERE
Adyar,47,46,120,162,178,84,31,50,84,52,11,13,90.04,SEVERE
Adyar,69,28,135,148,257,39,34,23,60,53,5,85,100.0,SEVERE
Adyar,59,50,61,130,217,10,35,74,49,45,16,64,95.64,SEVERE
Adyar,14,100,148,160,239,75,23,36,58,69,23,66,100.0,SEVERE
Adyar,13,71,96,84,258,31,5,31,76,40,18,43,100.0,SEVERE
Adyar,11,76,61,169,115,57,3,57,58,40,10,14,70.55,HIGH
Adyar,44,100,72,172,183,66,82,58,75,84,16,67,100.0,SEVERE
Adyar,58,27,98,60,80,40,46,44,87,85,15,36,55.72,HIGH
Adyar,80,98,133,92,184,79,7,18,58,61,25,42,100.0,SEVERE
Adyar,38,20,70,90,212,38,20,28,62,87,34,13,95.33,SEVERE
Adyar,74,23,125,208,67,77,11,78,75,94,31,35,46.41,MODERATE
Adyar,23,50,49,200,109,44,45,33,78,94,20,76,68.55,HIGH
Adyar,19,26,38,91,227,35,79,36,27,68,9,33,100.0,SEVERE
Adyar,56,42,139,168,107,82,84,50,42,61,16,25,86.79,SEVERE
Adyar,22,94,53,129,145,13,83,78,67,80,9,77,91.97,SEVERE
Adyar,66,115,122,83,126,25,33,71,34,93,11,49,75.33,SEVERE
Adyar,24,50,43,178,169,81,86,31,81,43,16,63,100.0,SEVERE
Adyar,31,78,160,217,223,30,20,47,50,76,32,53,96.11,SEVERE
Adyar,45,80,54,136,145,20,21,57,33,47,3,12,58.47,HIGH
Adyar,59,77,112,219,109,70,7,68,47,60,6,50,58.37,HIGH
Adyar,24,61,165,187,212,54,87,21,80,74,13,27,100.0,SEVERE
Adyar,67,43,91,82,153,41,18,71,76,63,3,77,84.38,SEVERE
Adyar,58,20,103,82,190,89,53,50,70,95,3,34,99.57,SEVERE
Adyar,45,97,103,215,213,11,98,76,23,63,34,77,100.0,SEVERE
Adyar,12,76,131,111,121,80,44,24,48,69,10,54,80.32,SEVERE
Adyar,28,67,113,165,211,51,31,54,29,80,31,66,100.0,SEVERE
Adyar,52,74,158,82,215,67,52,10,77,53,31,73,100.0,SEVERE
Adyar,12,69,43,217,188,29,80,6,61,46,3,29,82.92,SEVERE
Adyar,81,97,142,146,134,31,94,44,62,40,17,64,90.38,SEVERE
Adyar,74,22,166,188,143,74,6,28,28,78,30,58,90.06,SEVERE
Adyar,84,39,111,166,231,89,59,48,51,74,24,61,100.0,SEVERE
Adyar,25,25,96,117,181,86,70,65,63,95,33,22,100.0,SEVERE
Adyar,87,78,37,85,85,27,9,63,57,80,34,61,52.81,MODERATE
Adyar,70,70,144,53,92,21,68,43,43,58,22,87,78.31,SEVERE
Adyar,63,28,172,53,128,71,96,17,69,51,3,43,89.58,SEVERE
Adyar,87,81,98,132,152,19,60,63,51,65,32,58,82.31,SEVERE
Adyar,75,82,125,98,97,52,75,27,59,99,9,28,70.11,HIGH
Adyar,52,111,172,121,70,35,54,33,20,99,12,59,76.79,SEVERE
Adyar,65,23,136,194,243,17,22,8,88,56,19,48,98.67,SEVERE
Adyar,35,99,77,83,81,41,56,63,83,71,15,23,53.39,MODERATE
Adyar,71,82,170,215,201,66,13,6,60,82,26,30,93.04,SEVERE
Adyar,17,58,171,83,123,49,68,24,79,54,14,55,80.12,SEVERE
Adyar,63,103,74,117,239,15,49,41,53,66,26,25,100.0,SEVERE
Adyar,24,117,72,58,139,77,84,53,80,55,31,60,90.59,SEVERE
Adyar,31,26,75,218,108,64,97,23,72,67,11,86,80.68,SEVERE
Adyar,74,110,148,197,124,39,23,57,80,79,21,71,85.7,SEVERE
Adyar,66,25,167,79,217,62,84,63,58,85,13,56,100.0,SEVERE
Adyar,38,21,112,182,67,56,41,63,36,49,5,42,57.38,HIGH
Adyar,47,37,136,60,129,65,25,49,53,97,11,82,61.17,HIGH
Adyar,68,68,79,202,125,46,72,77,87,79,5,18,75.82,SEVERE
Adyar,20,89,171,61,225,39,39,58,38,49,33,37,100.0,SEVERE
Adyar,27,97,45,138,140,91,52,74,38,68,28,22,90.65,SEVERE
Adyar,64,44,153,193,118,59,6,34,31,73,20,52,71.68,HIGH
Adyar,25,41,66,207,78,12,16,62,63,95,8,41,58.46,HIGH
Adyar,83,100,55,193,149,38,94,43,37,88,25,25,94.38,SEVERE
Adyar,32,63,156,79,204,80,93,29,39,96,17,55,100.0,SEVERE
Adyar,59,62,91,118,191,79,55,55,50,86,14,43,100.0,SEVERE
Adyar,69,28,67,182,234,45,40,43,77,68,7,44,100.0,SEVERE
Adyar,21,80,53,215,188,21,95,48,65,43,8,74,100.0,SEVERE
Adyar,88,62,90,186,73,48,85,22,42,68,4,15,67.19,HIGH
Adyar,27,93,96,179,126,84,37,64,82,65,24,19,61.66,HIGH
Adyar,86,113,148,211,255,75,59,20,81,51,8,80,100.0,SEVERE
Adyar,50,78,41,114,105,35,18,55,55,97,2,72,85.32,SEVERE
Adyar,65,64,121,204,166,59,98,42,32,80,24,28,100.0,SEVERE
Adyar,35,105,124,153,184,24,96,27,78,99,9,60,100.0,SEVERE
Adyar,45,27,132,214,76,85,84,46,87,58,25,65,68.46,HIGH
Adyar,80,98,120,216,171,64,18,29,87,69,18,75,86.76,SEVERE
Adyar,10,43,109,173,125,47,22,66,59,48,22,36,71.71,HIGH
Adyar,79,89,54,179,204,48,16,40,65,47,13,66,82.56,SEVERE
Adyar,27,97,96,87,250,62,53,27,86,41,5,24,100.0,SEVERE
Adyar,73,39,133,185,235,34,7,61,53,96,8,55,100.0,SEVERE
Adyar,10,95,122,66,159,46,67,42,54,89,19,75,91.22,SEVERE
Adyar,86,89,116,140,100,80,69,70,72,68,11,88,74.43,HIGH
Adyar,66,42,46,181,184,19,49,40,20,76,15,80,93.53,SEVERE
Adyar,10,96,148,119,116,22,33,55,74,50,2,54,71.23,HIGH
Adyar,70,75,120,159,150,67,19,67,84,66,17,49,82.18,SEVERE
Adyar,37,81,135,100,83,53,63,62,20,41,14,55,81.32,SEVERE
Adyar,43,47,138,55,237,24,44,78,69,99,2,67,100.0,SEVERE
Adyar,36,97,53,202,156,54,57,7,43,82,33,88,99.55,SEVERE
Adyar,48,66,92,111,233,43,2,59,69,62,22,85,100.0,SEVERE
Adyar,56,22,109,189,228,75,98,43,28,69,12,76,100.0,SEVERE
Adyar,41,35,41,103,108,32,99,56,61,50,29,61,85.26,SEVERE
Adyar,54,103,139,132,193,89,32,72,65,51,33,64,90.6,SEVERE
Adyar,83,102,41,158,82,35,56,23,58,65,21,74,76.12,SEVERE
Adyar,27,23,99,101,96,45,86,48,74,48,4,36,70.58,HIGH
Adyar,18,67,92,176,101,51,84,39,78,77,21,30,85.0,SEVERE
Adyar,67,93,44,73,73,12,83,18,20,96,11,75,70.39,HIGH
Adyar,84,116,55,74,133,57,78,18,34,58,10,85,84.67,SEVERE
Adyar,14,30,151,92,76,60,14,9,50,73,19,56,59.81,HIGH
Adyar,37,49,116,88,186,89,66,34,52,75,25,34,100.0,SEVERE
Adyar,62,30,125,62,188,73,1,59,29,55,25,38,87.79,SEVERE
Adyar,88,30,60,81,177,46,74,26,34,78,22,65,100.0,SEVERE
Adyar,84,81,170,123,68,74,46,8,30,58,8,64,67.15,HIGH
Adyar,16,27,172,108,81,70,86,14,90,83,10,72,75.33,SEVERE
Adyar,20,44,147,186,62,28,60,72,70,82,14,14,53.32,MODERATE
Adyar,45,70,69,126,108,45,13,50,38,83,19,81,69.35,HIGH
Adyar,29,83,50,166,223,67,13,41,60,63,17,70,100.0,SEVERE
Adyar,36,40,93,142,202,32,21,7,27,43,8,65,92.75,SEVERE
Adyar,53,65,165,75,186,79,50,24,66,99,9,55,95.59,SEVERE
Adyar,71,69,63,107,84,76,94,12,37,91,30,71,95.71,SEVERE
Adyar,39,109,163,89,74,54,75,68,30,62,27,14,59.81,HIGH
Adyar,11,44,142,197,76,49,20,56,78,97,13,33,56.22,HIGH
Adyar,45,22,172,67,245,23,53,28,71,64,14,48,91.43,SEVERE
Adyar,27,26,142,165,181,12,79,65,90,95,10,66,100.0,SEVERE
Adyar,36,85,173,160,244,89,11,77,81,65,21,59,100.0,SEVERE
Adyar,18,20,70,139,229,65,13,58,55,62,27,33,100.0,SEVERE
Adyar,40,75,125,206,118,86,81,31,30,55,23,73,100.0,SEVERE
Adyar,18,70,161,116,239,20,97,63,66,77,32,40,100.0,SEVERE
Adyar,18,85,73,207,254,50,53,39,51,96,11,86,100.0,SEVERE
Adyar,58,101,106,128,111,27,3,33,94,96,24,39,57.69,HIGH
Adyar,10,112,161,214,78,90,61,46,33,69,13,89,90.83,SEVERE
Adyar,85,38,166,213,121,68,79,45,72,47,19,51,78.65,SEVERE
Adyar,75,80,93,118,64,56,25,71,78,94,34,42,45.56,MODERATE
Adyar,44,47,137,126,248,28,44,44,88,74,4,37,100.0,SEVERE
Adyar,37,35,139,73,133,70,89,21,44,47,16,89,96.11,SEVERE
Adyar,41,109,114,153,216,70,59,47,59,50,15,77,100.0,SEVERE
Adyar,55,54,51,179,60,56,16,73,33,88,20,13,54.97,MODERATE
Adyar,27,116,150,176,127,20,42,65,63,78,27,37,68.88,HIGH
Adyar,59,76,118,194,213,66,78,26,73,98,9,55,100.0,SEVERE
Adyar,87,60,66,73,229,68,57,37,50,96,24,87,100.0,SEVERE
Adyar,54,44,129,171,164,11,96,66,46,69,6,84,94.83,SEVERE
Adyar,44,46,127,219,231,55,13,69,39,94,15,51,100.0,SEVERE
Adyar,23,75,93,194,155,91,29,29,22,84,4,32,100.0,SEVERE
Adyar,54,100,146,200,193,48,13,32,72,55,24,20,100.0,SEVERE
Adyar,28,107,89,121,140,36,91,60,31,52,4,30,84.58,SEVERE
Adyar,48,28,41,120,112,59,11,22,61,56,14,27,61.26,HIGH
Adyar,36,109,164,123,117,45,60,33,76,97,15,19,66.01,HIGH
Adyar,43,52,124,212,144,36,86,11,83,71,2,28,84.36,SEVERE
Adyar,25,85,178,166,200,26,63,58,28,58,31,89,100.0,SEVERE
Adyar,50,79,109,197,149,60,66,46,85,54,33,64,82.84,SEVERE
Adyar,83,101,77,58,199,67,52,16,88,65,25,78,98.22,SEVERE
Adyar,81,86,164,154,241,83,21,17,32,87,9,46,100.0,SEVERE
Adyar,14,56,48,115,207,54,67,13,76,65,11,62,100.0,SEVERE
Adyar,86,56,40,125,253,66,63,72,26,73,12,64,100.0,SEVERE
Adyar,22,115,106,103,90,40,0,21,33,45,33,73,50.56,MODERATE
Adyar,33,48,115,80,107,92,35,63,37,95,24,78,89.95,SEVERE
Adyar,39,67,43,78,214,37,10,26,46,83,4,12,96.46,SEVERE
Adyar,43,88,109,70,204,14,23,13,58,81,23,21,92.32,SEVERE
Adyar,37,43,142,177,223,27,1,7,83,94,8,80,92.29,SEVERE
Adyar,35,46,145,82,96,71,30,23,80,95,20,76,80.86,SEVERE
Adyar,76,20,40,200,88,71,42,64,69,44,13,66,71.62,HIGH
Adyar,81,115,164,148,127,53,79,36,82,82,8,83,91.67,SEVERE
Adyar,25,42,156,52,156,62,23,69,59,43,12,41,79.48,SEVERE
Adyar,38,70,112,87,173,40,1,35,63,47,27,62,70.11,HIGH
Adyar,34,84,57,153,71,11,25,18,56,49,10,17,30.28,LOW
Adyar,27,32,158,163,237,25,35,13,51,49,2,50,100.0,SEVERE
Adyar,70,101,175,71,110,62,82,63,74,58,14,16,70.55,HIGH
Adyar,85,29,87,200,251,42,46,44,81,86,19,39,100.0,SEVERE
Adyar,76,27,146,131,89,18,33,23,27,57,29,67,58.02,HIGH
Adyar,46,94,70,60,122,94,55,9,93,89,19,69,95.75,SEVERE
Adyar,83,63,40,178,206,72,64,15,28,87,30,16,100.0,SEVERE
Sholinganallur,38,84,167,189,90,49,93,22,84,69,19,30,72.59,HIGH
Sholinganallur,55,66,47,182,125,30,78,19,71,68,28,14,79.54,SEVERE
Sholinganallur,79,55,36,132,70,32,71,47,73,92,17,53,62.89,HIGH
Sholinganallur,67,26,87,73,231,57,64,56,36,42,15,24,100.0,SEVERE
Sholinganallur,72,51,56,212,69,27,34,9,87,61,27,20,46.84,MODERATE
Sholinganallur,28,60,160,102,210,17,25,50,55,70,24,16,100.0,SEVERE
Sholinganallur,71,48,85,213,217,89,91,37,29,53,11,76,100.0,SEVERE
Sholinganallur,78,36,131,143,256,51,52,68,94,83,25,80,100.0,SEVERE
Sholinganallur,33,84,69,135,148,93,55,76,80,90,7,72,91.17,SEVERE
Sholinganallur,48,45,177,198,174,10,18,22,92,64,3,56,71.36,HIGH
Sholinganallur,45,37,162,67,246,28,13,31,20,40,8,65,100.0,SEVERE
Sholinganallur,61,55,97,106,238,53,50,69,69,48,8,37,100.0,SEVERE
Sholinganallur,49,24,93,191,241,91,92,50,89,97,22,43,100.0,SEVERE
Sholinganallur,23,30,117,56,83,30,52,40,58,70,34,27,68.21,HIGH
Sholinganallur,31,38,41,105,110,26,27,57,82,70,4,68,56.96,HIGH
Sholinganallur,55,62,80,214,78,14,58,36,80,42,15,21,37.19,MODERATE
Sholinganallur,68,35,157,138,156,88,32,20,78,46,30,76,99.04,SEVERE
Sholinganallur,59,108,54,102,154,63,67,74,56,50,8,74,92.87,SEVERE
Sholinganallur,55,101,66,79,206,46,81,14,40,97,29,15,100.0,SEVERE
Sholinganallur,19,109,53,101,87,60,5,26,44,78,18,25,66.01,HIGH
Sholinganallur,38,73,82,106,216,31,32,15,72,82,24,23,100.0,SEVERE
Sholinganallur,71,53,95,127,212,69,81,37,81,92,19,64,100.0,SEVERE
Sholinganallur,32,91,99,75,134,93,95,63,94,74,26,23,94.35,SEVERE
Sholinganallur,85,81,170,120,140,67,56,32,43,70,4,25,86.07,SEVERE
Sholinganallur,25,27,43,189,96,57,9,76,37,84,23,71,69.71,HIGH
Sholinganallur,71,101,90,210,257,71,92,12,60,79,32,19,100.0,SEVERE
Sholinganallur,38,89,77,191,246,23,25,10,73,93,21,20,100.0,SEVERE
Sholinganallur,49,92,56,194,110,53,66,45,55,60,16,29,76.17,SEVERE
Sholinganallur,80,104,82,104,71,33,58,25,75,43,15,32,51.54,MODERATE
Sholinganallur,43,98,159,93,145,68,46,45,45,90,22,86,70.87,HIGH
Sholinganallur,36,28,125,177,130,11,82,21,63,43,4,81,78.11,SEVERE
Sholinganallur,18,69,133,122,234,65,61,26,71,92,3,68,100.0,SEVERE
Sholinganallur,71,55,62,188,122,74,31,34,71,60,28,13,80.37,SEVERE
Sholinganallur,30,25,90,54,211,22,97,69,72,87,27,77,96.65,SEVERE
Sholinganallur,47,82,90,71,246,69,70,26,77,71,4,86,100.0,SEVERE
Sholinganallur,47,43,36,175,238,18,68,7,78,41,34,23,92.73,SEVERE
Sholinganallur,77,56,177,52,154,93,27,45,53,63,27,51,89.29,SEVERE
Sholinganallur,89,67,150,154,220,85,22,27,42,69,18,10,100.0,SEVERE
Sholinganallur,76,47,79,219,244,59,16,14,92,55,24,38,100.0,SEVERE
Sholinganallur,57,63,95,89,171,58,9,35,68,43,34,78,84.08,SEVERE
Sholinganallur,51,109,38,184,227,16,23,59,88,86,19,58,94.73,SEVERE
Sholinganallur,26,25,150,173,70,18,26,23,58,69,13,23,54.13,MODERATE
Sholinganallur,61,100,167,193,190,14,33,37,73,90,23,39,93.67,SEVERE
Sholinganallur,73,78,128,109,139,33,25,53,48,48,3,78,75.86,SEVERE
Sholinganallur,82,31,170,169,188,46,70,20,42,97,11,67,96.48,SEVERE
Sholinganallur,33,104,154,142,82,47,43,19,50,49,24,44,52.31,MODERATE
Sholinganallur,67,93,58,125,209,60,22,67,34,99,25,35,100.0,SEVERE
Sholinganallur,51,100,155,61,196,38,90,21,22,79,20,54,100.0,SEVERE
Sholinganallur,87,96,177,106,234,42,93,69,32,98,22,72,100.0,SEVERE
Sholinganallur,88,31,152,85,217,45,23,22,43,94,27,63,100.0,SEVERE
Sholinganallur,82,47,171,114,128,50,74,58,77,45,7,77,81.37,SEVERE
Sholinganallur,82,46,176,218,187,26,78,12,45,78,4,41,95.12,SEVERE
Sholinganallur,39,20,130,63,116,54,21,22,82,86,4,78,69.88,HIGH
Sholinganallur,82,53,82,74,237,34,59,22,87,87,18,37,100.0,SEVERE
Sholinganallur,85,87,38,189,98,35,43,20,90,98,7,35,67.11,HIGH
Sholinganallur,57,87,39,137,102,29,77,15,22,69,26,50,74.55,HIGH
Sholinganallur,40,90,64,205,116,92,37,59,57,44,5,42,62.5,HIGH
Sholinganallur,21,79,64,80,133,59,39,31,45,60,15,76,93.79,SEVERE
Sholinganallur,69,72,172,145,103,57,77,20,35,75,31,36,78.58,SEVERE
Sholinganallur,63,34,92,218,237,75,2,36,23,58,30,41,100.0,SEVERE
Sholinganallur,70,85,152,169,186,85,32,39,62,80,17,45,100.0,SEVERE
Sholinganallur,19,67,94,182,155,10,50,21,48,57,7,85,84.97,SEVERE
Sholinganallur,76,56,170,118,249,48,1,70,84,97,6,77,93.06,SEVERE
Sholinganallur,87,39,88,95,120,60,41,54,70,52,3,69,65.2,HIGH
Sholinganallur,58,46,62,102,164,81,98,59,87,71,15,75,89.12,SEVERE
Sholinganallur,89,58,126,182,216,27,96,42,23,47,26,44,100.0,SEVERE
Sholinganallur,57,27,85,128,216,65,8,51,87,43,34,17,83.77,SEVERE
Sholinganallur,68,104,158,197,223,36,46,58,32,74,19,88,100.0,SEVERE
Sholinganallur,12,74,114,150,108,36,41,8,76,43,24,46,69.46,HIGH
Sholinganallur,48,90,52,80,159,82,82,33,41,97,20,19,96.55,SEVERE
Sholinganallur,18,100,162,111,98,70,6,48,44,65,29,89,69.29,HIGH
Sholinganallur,76,61,63,203,258,34,15,16,64,58,22,70,100.0,SEVERE
Sholinganallur,12,31,140,155,255,58,41,55,77,80,14,86,100.0,SEVERE
Sholinganallur,32,49,65,148,205,46,92,40,55,44,31,21,100.0,SEVERE
Sholinganallur,51,26,99,150,62,74,66,5,66,53,26,40,65.57,HIGH
Sholinganallur,45,54,162,160,157,29,56,6,86,40,25,37,85.47,SEVERE
Sholinganallur,12,114,146,57,66,55,95,48,20,81,16,61,76.25,SEVERE
Sholinganallur,11,83,127,104,76,75,15,19,53,82,34,60,62.47,HIGH
Sholinganallur,77,37,43,163,255,72,34,41,28,60,24,23,100.0,SEVERE
Sholinganallur,49,96,163,119,225,69,92,60,61,80,12,63,100.0,SEVERE
Sholinganallur,18,71,138,83,217,81,53,77,84,67,31,84,100.0,SEVERE
Sholinganallur,10,68,171,173,113,64,21,22,88,42,33,46,72.1,HIGH
Sholinganallur,13,52,69,183,139,65,7,57,73,57,31,47,83.76,SEVERE
Sholinganallur,84,44,125,65,68,20,94,20,85,74,4,45,56.99,HIGH
Sholinganallur,58,106,163,139,238,88,8,52,77,40,21,83,100.0,SEVERE
Sholinganallur,84,83,126,140,141,48,52,41,81,86,13,51,86.47,SEVERE
Sholinganallur,39,25,158,71,125,31,20,32,73,93,8,29,81.88,SEVERE
Sholinganallur,73,42,93,142,136,62,79,44,54,97,34,89,100.0,SEVERE
Sholinganallur,81,100,143,112,205,59,83,31,75,87,29,23,100.0,SEVERE
Sholinganallur,84,23,67,153,168,68,40,5,66,70,18,40,85.39,SEVERE
Sholinganallur,24,23,61,58,201,62,46,49,80,89,16,57,100.0,SEVERE
Sholinganallur,70,51,163,117,211,93,80,13,35,87,6,10,100.0,SEVERE
Sholinganallur,20,35,84,151,168,77,98,7,71,49,13,37,100.0,SEVERE
Sholinganallur,81,58,153,211,162,18,70,36,45,67,11,32,86.46,SEVERE
Sholinganallur,46,91,67,155,239,79,2,35,20,76,12,81,100.0,SEVERE
Sholinganallur,37,112,63,95,130,93,73,66,61,87,22,63,100.0,SEVERE
Sholinganallur,56,64,129,176,257,69,95,59,91,85,31,25,100.0,SEVERE
Sholinganallur,73,59,101,177,168,70,7,67,50,87,11,57,93.94,SEVERE
Sholinganallur,47,83,156,200,136,64,17,72,85,99,18,38,67.31,HIGH
Sholinganallur,26,73,128,127,134,30,41,23,42,51,14,60,76.19,SEVERE
Sholinganallur,74,63,119,138,161,47,75,69,87,66,13,16,84.69,SEVERE
Sholinganallur,55,95,49,71,99,75,43,20,23,69,15,24,79.02,SEVERE
Sholinganallur,72,44,106,93,141,19,94,59,87,57,30,51,93.82,SEVERE
Sholinganallur,74,97,139,88,189,89,4,29,26,46,34,29,95.2,SEVERE
Sholinganallur,88,66,149,92,188,85,67,43,35,54,21,46,100.0,SEVERE
Sholinganallur,44,37,115,101,118,19,50,19,67,96,32,63,69.4,HIGH
Sholinganallur,64,45,107,195,193,40,16,15,48,88,20,14,88.5,SEVERE
Sholinganallur,41,101,89,154,244,54,61,31,86,44,11,89,100.0,SEVERE
Sholinganallur,43,45,111,90,139,87,8,62,25,67,24,86,86.38,SEVERE
Sholinganallur,70,109,116,60,160,43,45,9,43,99,3,83,100.0,SEVERE
Sholinganallur,84,41,177,97,129,48,60,29,79,41,23,62,62.85,HIGH
Sholinganallur,69,110,66,131,172,39,97,43,64,51,15,60,99.61,SEVERE
Sholinganallur,20,35,84,104,223,83,47,42,42,71,25,67,100.0,SEVERE
Sholinganallur,37,26,134,186,170,88,31,8,67,47,4,66,86.87,SEVERE
Sholinganallur,69,58,123,141,176,69,38,42,64,48,8,17,87.37,SEVERE
Sholinganallur,85,112,145,144,100,40,76,73,92,63,18,50,76.52,SEVERE
Sholinganallur,13,93,67,169,135,77,11,29,35,66,20,23,69.07,HIGH
Sholinganallur,13,28,173,160,243,69,71,16,58,61,29,13,100.0,SEVERE
Sholinganallur,87,119,121,123,114,94,18,14,58,63,18,82,82.44,SEVERE
Sholinganallur,26,52,35,165,231,85,16,62,30,77,25,22,100.0,SEVERE
Sholinganallur,66,81,52,135,219,30,60,26,39,63,13,49,100.0,SEVERE
Sholinganallur,59,58,130,69,87,83,46,50,75,48,34,43,66.27,HIGH
Sholinganallur,42,80,62,153,256,64,7,57,22,46,11,34,100.0,SEVERE
Sholinganallur,73,65,63,123,198,72,28,17,91,77,34,34,97.13,SEVERE
Sholinganallur,36,91,138,62,177,39,61,34,60,82,11,25,100.0,SEVERE
Sholinganallur,45,119,61,189,257,35,14,54,85,44,23,79,100.0,SEVERE
Sholinganallur,16,37,105,105,77,78,20,70,33,71,25,48,67.21,HIGH
Sholinganallur,10,102,135,180,144,42,57,53,89,91,3,22,80.28,SEVERE
Sholinganallur,56,25,50,119,203,75,89,19,35,72,20,12,100.0,SEVERE
Sholinganallur,23,102,99,139,188,69,63,12,42,90,3,67,100.0,SEVERE
Sholinganallur,19,118,39,53,63,63,92,17,79,83,9,15,82.95,SEVERE
Sholinganallur,19,66,153,218,185,33,32,50,32,71,27,77,94.38,SEVERE
Sholinganallur,30,75,61,211,243,38,40,37,23,93,27,36,100.0,SEVERE
Sholinganallur,28,50,50,187,190,89,0,52,62,77,34,41,97.16,SEVERE
Sholinganallur,49,37,55,75,115,19,48,54,41,48,20,16,65.84,HIGH
Sholinganallur,42,44,76,74,171,22,68,24,62,72,22,70,86.37,SEVERE
Sholinganallur,30,95,84,156,158,87,27,43,32,78,3,42,100.0,SEVERE
Sholinganallur,48,53,90,75,202,77,45,9,24,80,32,79,100.0,SEVERE
Sholinganallur,23,27,146,122,159,39,31,78,81,81,14,67,82.9,SEVERE
Sholinganallur,21,90,43,172,180,15,50,21,55,40,25,50,87.67,SEVERE
Sholinganallur,61,80,56,135,200,88,60,17,70,44,12,83,100.0,SEVERE
Sholinganallur,38,88,136,91,248,92,11,62,53,80,20,27,100.0,SEVERE
Sholinganallur,76,102,74,196,131,57,32,44,59,81,17,52,85.32,SEVERE
Sholinganallur,51,28,161,71,234,74,94,6,36,43,15,82,100.0,SEVERE
Sholinganallur,77,20,149,103,198,74,68,36,65,68,22,46,100.0,SEVERE
Sholinganallur,40,92,161,67,96,53,70,17,44,42,3,21,62.7,HIGH
Sholinganallur,49,37,168,97,90,21,35,60,49,66,13,85,58.73,HIGH
Sholinganallur,45,73,163,161,222,13,85,76,70,97,20,32,100.0,SEVERE
Sholinganallur,21,40,77,143,89,75,10,75,70,60,14,65,58.05,HIGH
Sholinganallur,54,42,165,156,92,65,41,62,56,99,32,13,59.71,HIGH
Sholinganallur,46,34,112,76,184,48,99,70,65,66,25,63,100.0,SEVERE
Sholinganallur,89,51,36,191,246,65,63,31,46,94,30,49,100.0,SEVERE
Sholinganallur,10,68,115,164,221,41,16,68,77,71,3,47,81.09,SEVERE
Sholinganallur,50,66,90,120,63,18,75,32,83,63,34,24,54.72,MODERATE
Sholinganallur,74,34,107,88,207,57,65,25,41,78,13,65,100.0,SEVERE
Sholinganallur,18,28,73,133,88,17,87,43,73,83,5,59,42.42,MODERATE
Sholinganallur,59,108,119,186,167,45,94,16,53,49,23,83,92.85,SEVERE
Sholinganallur,68,107,155,135,94,49,77,51,49,52,23,44,68.29,HIGH
Sholinganallur,10,43,168,206,120,94,21,8,43,71,2,23,100.0,SEVERE
Sholinganallur,58,118,68,202,131,88,78,21,35,72,18,28,93.98,SEVERE
Sholinganallur,70,39,140,76,149,11,64,18,37,51,8,16,68.15,HIGH
Sholinganallur,34,97,113,93,72,76,2,36,22,86,34,35,58.72,HIGH
Sholinganallur,50,58,88,81,110,59,73,61,58,85,21,38,81.17,SEVERE
Sholinganallur,34,96,61,59,158,16,19,33,20,53,19,39,83.68,SEVERE
Sholinganallur,67,79,128,164,70,77,33,53,42,63,25,84,54.79,MODERATE
Sholinganallur,53,72,175,85,250,65,61,49,80,80,5,72,100.0,SEVERE
Sholinganallur,84,114,41,157,246,92,54,73,86,40,31,61,100.0,SEVERE
Sholinganallur,83,49,95,100,253,51,11,5,93,54,27,12,100.0,SEVERE
Sholinganallur,27,108,78,219,179,48,5,24,24,91,5,19,82.25,SEVERE
Sholinganallur,87,91,45,135,249,18,79,6,80,72,31,43,100.0,SEVERE
Sholinganallur,35,84,101,123,219,29,11,41,81,49,13,63,84.31,SEVERE
Sholinganallur,52,101,161,126,146,33,44,67,57,81,15,66,77.4,SEVERE
Sholinganallur,84,107,57,88,250,44,31,64,65,47,5,74,99.38,SEVERE
Sholinganallur,78,32,161,63,187,81,61,63,45,57,10,19,100.0,SEVERE
Sholinganallur,70,41,59,174,167,28,70,21,78,41,21,57,92.03,SEVERE
Sholinganallur,40,85,67,146,211,92,36,40,55,91,33,61,100.0,SEVERE
Sholinganallur,70,101,138,149,239,65,84,18,69,66,30,80,100.0,SEVERE
Sholinganallur,49,20,177,93,184,51,90,66,78,78,5,83,100.0,SEVERE
Sholinganallur,40,59,176,89,175,28,91,60,51,44,7,29,95.42,SEVERE
Sholinganallur,19,77,85,57,183,69,95,43,44,91,10,64,100.0,SEVERE
Sholinganallur,84,40,104,93,88,69,48,43,56,84,33,51,69.04,HIGH
Sholinganallur,49,30,68,84,254,44,87,46,57,96,24,29,100.0,SEVERE
Sholinganallur,10,35,45,171,148,10,74,54,73,49,30,24,85.99,SEVERE
Sholinganallur,27,57,42,130,195,36,53,76,37,57,5,53,95.4,SEVERE
Sholinganallur,33,86,62,104,94,56,2,11,57,72,12,44,62.47,HIGH
Sholinganallur,45,104,66,83,140,16,67,34,47,72,4,40,81.37,SEVERE
Sholinganallur,55,70,102,209,246,44,92,11,43,58,25,58,100.0,SEVERE
Sholinganallur,50,46,107,107,237,73,17,75,69,61,19,25,100.0,SEVERE
Sholinganallur,72,55,90,218,257,49,4,55,73,94,33,60,100.0,SEVERE
Sholinganallur,67,80,98,118,201,45,15,78,46,56,4,47,90.15,SEVERE
Sholinganallur,29,37,48,152,119,73,40,52,26,59,15,14,88.7,SEVERE
Sholinganallur,42,70,150,181,62,64,90,70,44,86,28,39,71.59,HIGH
Sholinganallur,70,94,148,212,231,45,56,53,84,63,12,69,100.0,SEVERE
Sholinganallur,21,111,149,76,61,27,92,61,63,77,15,82,55.05,HIGH
Sholinganallur,26,104,113,166,243,26,96,14,76,82,29,22,100.0,SEVERE
Sholinganallur,18,75,153,131,136,33,51,78,65,83,27,72,80.59,SEVERE
Sholinganallur,36,78,78,209,206,59,45,44,78,56,29,32,100.0,SEVERE
Sholinganallur,66,53,129,173,217,90,85,37,37,45,20,63,100.0,SEVERE
Sholinganallur,66,98,139,139,63,51,64,47,63,70,20,35,62.2,HIGH
Sholinganallur,49,61,138,202,186,21,66,29,23,51,34,44,100.0,SEVERE
Porur,62,96,86,67,130,66,11,25,20,68,7,25,79.47,SEVERE
Porur,49,114,92,87,100,91,58,29,69,73,5,66,74.65,HIGH
Porur,67,64,67,61,178,69,20,36,45,93,28,31,92.08,SEVERE
Porur,37,34,78,153,258,36,5,18,50,45,3,62,100.0,SEVERE
Porur,51,77,131,216,237,36,97,7,92,48,5,19,100.0,SEVERE
Porur,61,94,37,100,86,22,74,53,35,58,32,56,54.26,MODERATE
Porur,25,49,135,137,73,78,22,56,45,85,31,71,62.16,HIGH
Porur,15,73,101,172,109,69,44,55,51,62,9,76,65.5,HIGH
Porur,44,35,167,108,108,31,19,54,56,53,30,62,63.83,HIGH
Porur,62,35,152,93,65,54,87,59,43,63,21,28,64.94,HIGH
Porur,27,29,135,54,221,92,11,12,90,47,15,79,100.0,SEVERE
Porur,40,63,170,160,123,89,58,12,49,54,23,78,95.84,SEVERE
Porur,83,119,130,103,89,90,41,30,75,82,28,80,77.47,SEVERE
Porur,23,40,125,148,231,81,81,10,72,91,34,37,100.0,SEVERE
Porur,22,53,71,204,95,21,57,48,62,48,18,84,66.81,HIGH
Porur,20,43,165,100,164,42,61,35,53,89,20,55,100.0,SEVERE
Porur,75,91,163,127,171,20,11,13,67,59,11,58,78.54,SEVERE
Porur,54,75,55,95,107,69,24,7,40,68,27,14,80.12,SEVERE
Porur,37,21,75,129,185,75,52,12,49,84,23,56,100.0,SEVERE
Porur,89,79,121,107,158,70,85,63,69,86,3,31,94.22,SEVERE
Porur,70,34,62,134,253,10,87,19,40,77,26,79,100.0,SEVERE
Porur,48,75,72,158,113,89,17,54,59,46,21,21,74.11,HIGH
Porur,15,41,77,207,104,88,53,76,82,57,20,67,74.58,HIGH
Porur,46,23,160,95,234,27,54,32,86,97,27,77,100.0,SEVERE
Porur,83,73,84,82,201,33,65,9,67,78,19,62,100.0,SEVERE
Porur,45,107,173,77,131,73,51,15,55,62,26,51,82.69,SEVERE
Porur,32,35,162,96,186,20,44,75,68,57,26,50,63.25,HIGH
Porur,85,76,39,119,162,89,73,21,58,50,17,52,97.16,SEVERE
Porur,44,99,108,57,208,62,69,58,32,98,34,21,100.0,SEVERE
Porur,29,23,68,63,229,76,18,47,35,73,31,80,100.0,SEVERE
Porur,25,36,53,154,191,85,9,24,74,80,16,22,100.0,SEVERE
Porur,52,110,63,70,207,12,98,63,50,61,14,41,100.0,SEVERE
Porur,26,37,113,160,205,36,48,12,54,81,12,35,100.0,SEVERE
Porur,58,111,43,194,68,37,42,22,94,93,20,46,64.48,HIGH
Porur,48,102,62,97,63,20,19,51,84,75,16,31,34.93,LOW
Porur,21,99,94,109,65,30,1,59,56,87,20,86,47.8,MODERATE
Porur,19,108,74,180,185,69,26,28,61,41,12,50,90.35,SEVERE
Porur,88,48,165,207,194,23,20,75,20,70,21,77,91.11,SEVERE
Porur,50,83,174,144,84,88,51,18,34,52,25,85,94.24,SEVERE
Porur,81,83,117,60,254,16,61,49,58,73,15,55,100.0,SEVERE
Porur,64,94,57,218,79,33,34,29,46,59,16,71,45.38,MODERATE
Porur,30,87,43,125,104,61,7,67,40,70,20,48,66.12,HIGH
Porur,71,71,66,94,147,81,96,34,49,47,20,29,97.11,SEVERE
Porur,27,111,153,101,84,32,37,35,81,98,26,77,58.49,HIGH
Porur,82,81,69,184,94,75,88,41,69,83,31,56,98.92,SEVERE
Porur,38,25,136,112,202,15,32,34,26,89,21,77,100.0,SEVERE
Porur,79,26,161,163,223,52,16,16,28,88,19,27,96.77,SEVERE
Porur,30,94,164,153,259,43,33,56,30,94,27,12,100.0,SEVERE
Porur,69,41,143,130,195,46,45,34,31,51,7,74,100.0,SEVERE
Porur,78,108,68,110,142,81,67,45,37,63,2,66,96.04,SEVERE
Porur,34,68,173,122,227,59,49,48,36,65,12,70,100.0,SEVERE
Porur,75,65,173,152,237,93,32,24,82,53,26,24,100.0,SEVERE
Porur,51,64,127,116,139,27,15,71,76,66,29,58,77.38,SEVERE
Porur,53,30,134,61,162,41,13,40,35,54,31,37,83.98,SEVERE
Porur,34,55,139,70,245,20,65,5,81,81,29,84,100.0,SEVERE
Porur,77,29,128,218,135,92,50,40,42,46,30,67,100.0,SEVERE
Porur,24,97,100,156,67,61,67,78,45,44,4,21,55.27,HIGH
Porur,25,34,39,115,180,33,49,23,80,41,8,55,86.61,SEVERE
Porur,15,75,74,101,244,90,25,49,60,97,33,38,100.0,SEVERE
Porur,10,98,142,190,87,14,17,51,20,79,31,21,60.58,HIGH
Porur,85,44,67,52,201,83,1,41,74,86,32,67,100.0,SEVERE
Porur,84,63,94,122,250,33,75,51,24,69,8,68,100.0,SEVERE
Porur,15,33,145,196,118,80,55,31,53,81,32,49,85.49,SEVERE
Porur,52,59,101,141,88,14,66,18,59,86,9,40,67.14,HIGH
Porur,70,36,166,119,61,71,14,32,57,84,15,78,71.44,HIGH
Porur,36,100,131,71,210,45,34,12,94,43,34,15,99.19,SEVERE
Porur,49,103,120,142,83,90,37,45,87,77,26,24,68.79,HIGH
Porur,24,58,155,208,224,89,99,19,84,77,30,61,100.0,SEVERE
Porur,70,32,108,161,152,77,12,30,91,70,7,19,84.18,SEVERE
Porur,13,30,89,85,84,35,64,66,42,82,29,10,60.02,HIGH
Porur,64,95,157,118,191,12,44,77,31,49,25,50,78.93,SEVERE
Porur,23,93,86,182,148,43,23,54,41,94,15,75,83.91,SEVERE
Porur,46,64,104,200,200,12,5,6,71,52,14,76,83.16,SEVERE
Porur,16,48,47,156,207,25,52,27,26,68,25,28,100.0,SEVERE
Porur,14,36,76,194,88,49,53,14,23,47,3,50,87.88,SEVERE
Porur,30,43,177,213,189,49,15,74,20,49,24,24,100.0,SEVERE
Porur,12,46,128,81,211,18,61,10,74,85,28,32,92.92,SEVERE
Porur,68,38,39,110,193,41,80,42,94,92,17,76,100.0,SEVERE
Porur,34,60,176,190,89,10,52,45,75,55,28,43,51.08,MODERATE
Porur,85,59,116,201,63,55,70,72,24,83,28,38,80.65,SEVERE
Porur,62,58,60,190,103,25,88,75,65,74,13,58,70.02,HIGH
Porur,62,75,162,163,137,65,23,21,82,74,3,38,76.65,SEVERE
Porur,79,74,41,80,78,72,75,39,74,73,26,63,68.34,HIGH
Porur,35,94,167,85,193,19,37,55,40,54,14,19,90.13,SEVERE
Porur,36,51,175,218,75,23,73,27,68,95,7,87,53.03,MODERATE
Porur,50,108,115,73,109,74,56,5,57,64,2,29,89.41,SEVERE
Porur,15,21,85,129,150,69,17,8,70,93,7,38,90.16,SEVERE
Porur,78,42,112,107,193,26,9,43,84,77,26,44,78.56,SEVERE
Porur,88,98,137,101,179,62,65,71,71,53,9,59,100.0,SEVERE
Porur,58,72,153,216,65,36,33,47,42,58,2,10,33.74,LOW
Porur,33,44,73,215,192,65,18,72,34,98,33,55,100.0,SEVERE
Porur,36,85,73,83,115,10,93,24,79,66,13,28,71.62,HIGH
Porur,45,85,151,161,153,85,89,77,26,93,8,59,100.0,SEVERE
Porur,10,114,164,79,180,22,56,28,76,74,18,64,91.72,SEVERE
Porur,57,97,106,79,61,35,76,29,91,59,16,70,61.69,HIGH
Porur,16,39,161,53,74,76,62,78,36,79,6,57,70.82,HIGH
Porur,43,45,177,61,219,53,68,24,86,67,15,46,100.0,SEVERE
Porur,21,68,103,114,257,19,91,70,21,82,8,13,100.0,SEVERE
Porur,33,29,55,60,228,15,75,16,88,90,22,76,100.0,SEVERE
Porur,27,81,168,172,113,72,88,71,75,83,27,68,95.65,SEVERE
Porur,24,75,84,86,116,17,43,36,50,45,22,23,64.07,HIGH
Porur,14,50,94,214,165,42,83,23,87,64,12,34,85.44,SEVERE
Porur,56,83,129,54,235,53,69,7,77,80,14,84,100.0,SEVERE
Porur,75,40,179,176,97,77,42,69,32,55,13,46,83.63,SEVERE
Porur,66,22,82,162,112,46,60,23,92,90,34,49,63.97,HIGH
Porur,68,99,61,197,165,75,82,12,27,43,23,83,100.0,SEVERE
Porur,48,59,49,153,241,28,0,21,33,67,5,38,99.9,SEVERE
Porur,47,27,41,133,178,24,32,50,55,46,14,25,86.31,SEVERE
Porur,34,43,54,175,243,33,63,22,88,57,5,80,100.0,SEVERE
Porur,82,44,74,141,180,42,79,64,29,99,7,52,99.32,SEVERE
Porur,20,54,39,215,88,51,21,18,49,98,17,86,74.21,HIGH
Porur,82,54,107,165,177,80,16,42,69,59,30,34,95.35,SEVERE
Porur,64,31,55,182,101,18,26,34,22,90,5,42,64.42,HIGH
Porur,13,114,170,71,99,85,41,9,30,64,20,60,91.68,SEVERE
Porur,30,73,81,84,223,58,47,15,25,87,33,56,100.0,SEVERE
Porur,32,25,55,134,145,57,69,24,41,80,8,16,83.35,SEVERE
Porur,19,93,112,75,230,30,67,53,82,83,25,14,100.0,SEVERE
Porur,30,64,76,150,70,48,34,53,58,85,7,85,56.3,HIGH
Porur,53,36,153,94,245,22,86,34,65,92,6,37,100.0,SEVERE
Porur,18,72,38,218,240,25,17,63,59,89,33,42,100.0,SEVERE
Porur,60,63,78,94,164,46,45,12,86,82,32,76,84.89,SEVERE
Porur,62,76,168,89,65,20,17,54,30,48,15,72,48.64,MODERATE
Porur,32,101,97,112,214,41,35,61,44,70,23,26,92.52,SEVERE
Porur,33,54,120,67,69,45,96,48,63,76,30,76,66.54,HIGH
Porur,53,42,176,94,226,18,60,60,57,46,6,58,97.71,SEVERE
Porur,18,98,101,62,133,27,98,73,27,74,2,46,97.75,SEVERE
Porur,15,110,68,94,237,86,9,13,84,98,18,23,100.0,SEVERE
Porur,64,29,128,186,88,93,98,27,28,59,10,32,90.23,SEVERE
Porur,35,98,43,60,120,92,83,74,84,47,15,52,73.56,HIGH
Porur,58,105,72,171,81,11,64,10,40,87,18,40,59.43,HIGH
Porur,86,93,87,121,80,22,26,34,94,92,5,36,40.55,MODERATE
Porur,39,115,61,165,138,55,86,67,82,64,3,88,99.27,SEVERE
Porur,48,48,60,113,126,33,95,54,36,78,25,51,78.22,SEVERE
Porur,44,67,66,183,246,65,20,43,79,42,21,62,100.0,SEVERE
Porur,81,32,117,185,224,49,99,29,53,89,16,37,98.32,SEVERE
Porur,87,81,61,58,253,45,20,21,27,51,27,62,100.0,SEVERE
Porur,63,116,168,117,180,35,88,73,36,69,9,59,93.45,SEVERE
Porur,88,107,61,72,222,16,40,79,53,40,34,66,83.08,SEVERE
Porur,58,75,174,183,111,94,96,8,42,76,30,67,89.85,SEVERE
Porur,17,109,112,127,255,23,25,69,41,96,30,17,100.0,SEVERE
Porur,49,41,41,51,95,32,30,69,58,48,4,20,46.59,MODERATE
Porur,13,60,99,75,71,29,15,64,88,77,27,70,32.19,LOW
Porur,89,65,113,185,158,32,1,17,26,62,27,36,88.5,SEVERE
Porur,57,115,80,132,252,61,39,14,90,76,3,54,100.0,SEVERE
Porur,25,61,178,182,172,35,76,48,59,95,14,60,100.0,SEVERE
Porur,53,107,83,207,175,27,16,19,42,73,30,89,76.78,SEVERE
Porur,59,53,70,141,225,15,11,18,35,48,6,12,100.0,SEVERE
Porur,22,52,176,78,257,53,72,29,44,63,6,35,100.0,SEVERE
Porur,55,88,55,68,170,28,97,19,29,59,12,22,100.0,SEVERE
Porur,52,44,48,60,70,83,26,27,63,45,21,51,44.7,MODERATE
Porur,11,97,88,60,171,49,95,75,60,49,26,26,100.0,SEVERE
Porur,38,117,109,115,97,65,26,16,28,78,32,30,65.17,HIGH
Porur,21,28,127,139,65,30,19,56,69,84,5,77,36.95,MODERATE
Porur,79,65,148,164,214,11,8,72,78,76,12,43,90.07,SEVERE
Porur,60,95,90,191,78,78,67,43,48,62,13,85,76.3,SEVERE
Porur,89,74,127,151,161,63,90,58,83,73,27,80,87.98,SEVERE
Porur,64,64,147,78,199,59,88,51,59,71,20,81,100.0,SEVERE
Porur,52,48,58,197,231,89,39,36,78,51,3,43,100.0,SEVERE
Porur,26,71,171,96,140,36,29,54,48,77,2,62,80.16,SEVERE
Porur,79,53,136,109,240,90,90,34,43,76,28,51,100.0,SEVERE
Porur,70,56,71,123,175,81,30,17,43,75,9,41,97.19,SEVERE
Porur,51,92,110,51,112,81,51,57,77,73,21,28,78.6,SEVERE
Porur,33,82,169,124,180,83,67,24,41,78,11,29,100.0,SEVERE
Porur,30,24,146,116,186,24,31,50,29,59,25,71,88.32,SEVERE
Porur,12,75,135,150,141,11,22,7,54,58,4,58,82.93,SEVERE
Porur,43,29,137,169,245,68,36,55,79,70,28,87,100.0,SEVERE
Porur,49,103,161,94,61,78,23,79,22,94,24,34,70.92,HIGH
Porur,19,29,149,165,85,39,66,54,47,64,4,10,78.09,SEVERE
Porur,84,24,178,122,221,81,35,60,45,87,33,74,100.0,SEVERE
Porur,20,70,161,69,240,60,4,59,20,76,18,69,100.0,SEVERE
Porur,40,96,173,85,130,84,31,23,82,69,21,48,80.72,SEVERE
Porur,68,56,110,81,62,58,13,73,91,58,11,50,67.69,HIGH
Porur,18,65,62,191,88,47,83,38,33,49,21,19,62.99,HIGH
Porur,40,102,134,73,223,87,20,31,49,65,17,81,100.0,SEVERE
Porur,38,72,50,97,176,24,96,25,32,86,4,35,100.0,SEVERE
Porur,77,39,95,131,198,39,52,42,20,74,20,89,100.0,SEVERE
Porur,37,89,165,76,173,88,55,71,51,93,22,48,100.0,SEVERE
Porur,33,95,102,116,153,39,80,34,55,73,23,36,79.37,SEVERE
Porur,54,84,113,136,249,14,9,75,86,64,19,45,100.0,SEVERE
Porur,70,56,90,164,139,11,17,70,47,46,32,89,70.99,HIGH
Porur,70,26,78,145,169,38,0,76,66,85,16,50,73.84,HIGH
Porur,63,119,147,163,62,53,95,34,61,59,8,66,81.43,SEVERE
Porur,57,104,171,144,70,59,88,40,62,85,16,43,77.91,SEVERE
Porur,49,52,121,167,242,85,78,62,53,60,20,66,100.0,SEVERE
Porur,11,25,96,184,217,78,70,6,86,96,30,45,100.0,SEVERE
Porur,24,98,174,203,164,80,83,78,47,77,28,28,100.0,SEVERE
Porur,38,95,170,76,125,89,59,20,65,92,14,48,87.05,SEVERE
Porur,55,115,144,121,157,69,7,22,37,88,29,75,94.62,SEVERE
Porur,34,22,72,123,237,24,86,66,31,55,17,85,100.0,SEVERE
Porur,35,110,173,151,90,32,12,65,43,82,10,88,62.54,HIGH
Porur,48,25,54,219,223,81,64,21,27,83,12,10,100.0,SEVERE
Porur,77,56,179,114,206,30,60,25,78,67,3,29,100.0,SEVERE
Porur,31,77,174,170,122,67,96,23,37,42,29,76,100.0,SEVERE
Porur,62,117,168,213,138,63,16,72,43,66,21,72,69.02,HIGH
Porur,67,99,118,120,242,42,62,26,56,62,10,75,100.0,SEVERE
Porur,16,44,66,170,238,42,33,46,94,62,11,51,100.0,SEVERE
Porur,51,93,37,178,79,43,34,56,38,54,31,48,49.85,MODERATE
Porur,59,88,131,205,216,35,16,68,47,58,5,54,100.0,SEVERE
Porur,69,92,113,196,256,79,34,25,20,99,26,84,100.0,SEVERE
Porur,21,24,149,101,135,81,48,76,60,89,6,41,98.2,SEVERE
